PrimaryName,Group,SubGroup,Game Date,Is Winner
Abathur,Specialist,Utility,2015-12-30,0.43602136860849655
Abathur,Specialist,Utility,2015-12-31,0.43981537714077495
Abathur,Specialist,Utility,2016-01-01,0.4403236367037695
Abathur,Specialist,Utility,2016-01-02,0.43570198105081825
Abathur,Specialist,Utility,2016-01-03,0.43915112877166934
Abathur,Specialist,Utility,2016-01-04,0.4336399474375821
Abathur,Specialist,Utility,2016-01-05,0.4381115595113052
Abathur,Specialist,Utility,2016-01-06,0.4368054042275005
Abathur,Specialist,Utility,2016-01-07,0.43951612903225806
Abathur,Specialist,Utility,2016-01-08,0.43369321654104703
Abathur,Specialist,Utility,2016-01-09,0.4363258801371517
Abathur,Specialist,Utility,2016-01-10,0.435451912818168
Abathur,Specialist,Utility,2016-01-11,0.4375943341460583
Abathur,Specialist,Utility,2016-01-12,0.44491574665891925
Abathur,Specialist,Utility,2016-01-13,0.44408322496749025
Abathur,Specialist,Utility,2016-01-14,0.4456575682382134
Abathur,Specialist,Utility,2016-01-15,0.4432480364834051
Abathur,Specialist,Utility,2016-01-16,0.44431708494208494
Abathur,Specialist,Utility,2016-01-17,0.4404851212803201
Abathur,Specialist,Utility,2016-01-18,0.44379572832754416
Abathur,Specialist,Utility,2016-01-19,0.4419105764050997
Abathur,Specialist,Utility,2016-01-20,0.4397446129289705
Abathur,Specialist,Utility,2016-01-21,0.4392570281124498
Abathur,Specialist,Utility,2016-01-22,0.44462728319894684
Abathur,Specialist,Utility,2016-01-23,0.4431277643328048
Abathur,Specialist,Utility,2016-01-24,0.4535661218424963
Anub'arak,Warrior,Bruiser,2015-12-30,0.4792332268370607
Anub'arak,Warrior,Bruiser,2015-12-31,0.4852105778648384
Anub'arak,Warrior,Bruiser,2016-01-01,0.5007860511647849
Anub'arak,Warrior,Bruiser,2016-01-02,0.48382923673997413
Anub'arak,Warrior,Bruiser,2016-01-03,0.48645040715525295
Anub'arak,Warrior,Bruiser,2016-01-04,0.48674628604718906
Anub'arak,Warrior,Bruiser,2016-01-05,0.47628957930726923
Anub'arak,Warrior,Bruiser,2016-01-06,0.480723355136591
Anub'arak,Warrior,Bruiser,2016-01-07,0.47516734154202134
Anub'arak,Warrior,Bruiser,2016-01-08,0.4762023217247098
Anub'arak,Warrior,Bruiser,2016-01-09,0.48129265040395325
Anub'arak,Warrior,Bruiser,2016-01-10,0.48140098637465517
Anub'arak,Warrior,Bruiser,2016-01-11,0.47793575566087415
Anub'arak,Warrior,Bruiser,2016-01-12,0.4929989550679206
Anub'arak,Warrior,Bruiser,2016-01-13,0.4834394904458599
Anub'arak,Warrior,Bruiser,2016-01-14,0.4837669318426145
Anub'arak,Warrior,Bruiser,2016-01-15,0.49416428099537546
Anub'arak,Warrior,Bruiser,2016-01-16,0.48865069356872637
Anub'arak,Warrior,Bruiser,2016-01-17,0.4806560134566863
Anub'arak,Warrior,Bruiser,2016-01-18,0.47409852717115286
Anub'arak,Warrior,Bruiser,2016-01-19,0.4869029275808937
Anub'arak,Warrior,Bruiser,2016-01-20,0.48066875653082547
Anub'arak,Warrior,Bruiser,2016-01-21,0.4941554646405611
Anub'arak,Warrior,Bruiser,2016-01-22,0.48905309250136836
Anub'arak,Warrior,Bruiser,2016-01-23,0.4941108876759552
Anub'arak,Warrior,Bruiser,2016-01-24,0.4944237918215613
Artanis,Warrior,Bruiser,2015-12-30,0.48442605096928776
Artanis,Warrior,Bruiser,2015-12-31,0.48889779100377706
Artanis,Warrior,Bruiser,2016-01-01,0.493221211601167
Artanis,Warrior,Bruiser,2016-01-02,0.49154055260275087
Artanis,Warrior,Bruiser,2016-01-03,0.493795393235111
Artanis,Warrior,Bruiser,2016-01-04,0.4948634305467647
Artanis,Warrior,Bruiser,2016-01-05,0.4869578881206788
Artanis,Warrior,Bruiser,2016-01-06,0.4904010349288486
Artanis,Warrior,Bruiser,2016-01-07,0.48261121958942427
Artanis,Warrior,Bruiser,2016-01-08,0.48533799773639263
Artanis,Warrior,Bruiser,2016-01-09,0.48556925308194343
Artanis,Warrior,Bruiser,2016-01-10,0.4846428391896647
Artanis,Warrior,Bruiser,2016-01-11,0.4806824435883324
Artanis,Warrior,Bruiser,2016-01-12,0.48063457330415754
Artanis,Warrior,Bruiser,2016-01-13,0.4777101284763428
Artanis,Warrior,Bruiser,2016-01-14,0.47684006305323146
Artanis,Warrior,Bruiser,2016-01-15,0.4760202073218738
Artanis,Warrior,Bruiser,2016-01-16,0.4743267385694435
Artanis,Warrior,Bruiser,2016-01-17,0.47439430268761407
Artanis,Warrior,Bruiser,2016-01-18,0.47434485796080156
Artanis,Warrior,Bruiser,2016-01-19,0.48824483177948924
Artanis,Warrior,Bruiser,2016-01-20,0.48857210179076344
Artanis,Warrior,Bruiser,2016-01-21,0.48675061078744597
Artanis,Warrior,Bruiser,2016-01-22,0.4858584038911908
Artanis,Warrior,Bruiser,2016-01-23,0.4869581190301249
Artanis,Warrior,Bruiser,2016-01-24,0.4995819397993311
Arthas,Warrior,Bruiser,2015-12-30,0.47603626943005184
Arthas,Warrior,Bruiser,2015-12-31,0.4708204600068658
Arthas,Warrior,Bruiser,2016-01-01,0.4672035329263541
Arthas,Warrior,Bruiser,2016-01-02,0.4641448989650074
Arthas,Warrior,Bruiser,2016-01-03,0.45414903167885085
Arthas,Warrior,Bruiser,2016-01-04,0.46767050487156775
Arthas,Warrior,Bruiser,2016-01-05,0.46598968407479047
Arthas,Warrior,Bruiser,2016-01-06,0.46535420864982174
Arthas,Warrior,Bruiser,2016-01-07,0.46580129805292064
Arthas,Warrior,Bruiser,2016-01-08,0.46408668730650154
Arthas,Warrior,Bruiser,2016-01-09,0.4694780300796225
Arthas,Warrior,Bruiser,2016-01-10,0.46280005963918297
Arthas,Warrior,Bruiser,2016-01-11,0.4646546158812137
Arthas,Warrior,Bruiser,2016-01-12,0.44706451835972616
Arthas,Warrior,Bruiser,2016-01-13,0.45325029194239
Arthas,Warrior,Bruiser,2016-01-14,0.45340218206046473
Arthas,Warrior,Bruiser,2016-01-15,0.4531949167710757
Arthas,Warrior,Bruiser,2016-01-16,0.4557853449812801
Arthas,Warrior,Bruiser,2016-01-17,0.4564966313763234
Arthas,Warrior,Bruiser,2016-01-18,0.4572113190324053
Arthas,Warrior,Bruiser,2016-01-19,0.47506639126586014
Arthas,Warrior,Bruiser,2016-01-20,0.45053835800807535
Arthas,Warrior,Bruiser,2016-01-21,0.46398891966759004
Arthas,Warrior,Bruiser,2016-01-22,0.475168132436627
Arthas,Warrior,Bruiser,2016-01-23,0.4640423921271764
Arthas,Warrior,Bruiser,2016-01-24,0.4742268041237113
Azmodan,Specialist,Siege,2015-12-30,0.5022321428571429
Azmodan,Specialist,Siege,2015-12-31,0.5073876618431074
Azmodan,Specialist,Siege,2016-01-01,0.5065559440559441
Azmodan,Specialist,Siege,2016-01-02,0.5088066701406982
Azmodan,Specialist,Siege,2016-01-03,0.4989836311115866
Azmodan,Specialist,Siege,2016-01-04,0.5141028422651335
Azmodan,Specialist,Siege,2016-01-05,0.4868032786885246
Azmodan,Specialist,Siege,2016-01-06,0.5001300954032958
Azmodan,Specialist,Siege,2016-01-07,0.4960528138128434
Azmodan,Specialist,Siege,2016-01-08,0.48772600992849663
Azmodan,Specialist,Siege,2016-01-09,0.4922159364995834
Azmodan,Specialist,Siege,2016-01-10,0.4918747162959601
Azmodan,Specialist,Siege,2016-01-11,0.49250465039938723
Azmodan,Specialist,Siege,2016-01-12,0.5029526141437419
Azmodan,Specialist,Siege,2016-01-13,0.5038402457757296
Azmodan,Specialist,Siege,2016-01-14,0.4929645027182603
Azmodan,Specialist,Siege,2016-01-15,0.5049257232212666
Azmodan,Specialist,Siege,2016-01-16,0.5036264732547597
Azmodan,Specialist,Siege,2016-01-17,0.5057417020607204
Azmodan,Specialist,Siege,2016-01-18,0.4963895574893538
Azmodan,Specialist,Siege,2016-01-19,0.5169230769230769
Azmodan,Specialist,Siege,2016-01-20,0.5101128880526811
Azmodan,Specialist,Siege,2016-01-21,0.5178104246327229
Azmodan,Specialist,Siege,2016-01-22,0.5223162754905732
Azmodan,Specialist,Siege,2016-01-23,0.5055973946672094
Azmodan,Specialist,Siege,2016-01-24,0.5066785396260017
Brightwing,Support,Healer,2015-12-30,0.4585635359116022
Brightwing,Support,Healer,2015-12-31,0.4733142982648803
Brightwing,Support,Healer,2016-01-01,0.45260039499670834
Brightwing,Support,Healer,2016-01-02,0.4610164597170084
Brightwing,Support,Healer,2016-01-03,0.45994909417577484
Brightwing,Support,Healer,2016-01-04,0.45499645641389086
Brightwing,Support,Healer,2016-01-05,0.46482364156339373
Brightwing,Support,Healer,2016-01-06,0.4533650329188003
Brightwing,Support,Healer,2016-01-07,0.46070670013516124
Brightwing,Support,Healer,2016-01-08,0.4553701015965167
Brightwing,Support,Healer,2016-01-09,0.4551922751143486
Brightwing,Support,Healer,2016-01-10,0.4560810810810811
Brightwing,Support,Healer,2016-01-11,0.4614967462039046
Brightwing,Support,Healer,2016-01-12,0.4511426319936958
Brightwing,Support,Healer,2016-01-13,0.44498724024790376
Brightwing,Support,Healer,2016-01-14,0.45137997432605903
Brightwing,Support,Healer,2016-01-15,0.4472931927818474
Brightwing,Support,Healer,2016-01-16,0.45265151515151514
Brightwing,Support,Healer,2016-01-17,0.4531032563317562
Brightwing,Support,Healer,2016-01-18,0.4426136363636364
Brightwing,Support,Healer,2016-01-19,0.4546282245827011
Brightwing,Support,Healer,2016-01-20,0.49177820267686423
Brightwing,Support,Healer,2016-01-21,0.5057774428535544
Brightwing,Support,Healer,2016-01-22,0.5269360269360269
Brightwing,Support,Healer,2016-01-23,0.5121191135734072
Brightwing,Support,Healer,2016-01-24,0.5304777594728172
Chen,Warrior,Tank,2015-12-30,0.5011005135730008
Chen,Warrior,Tank,2015-12-31,0.5007760962359332
Chen,Warrior,Tank,2016-01-01,0.4951323395193185
Chen,Warrior,Tank,2016-01-02,0.4889961664063609
Chen,Warrior,Tank,2016-01-03,0.5118978525827046
Chen,Warrior,Tank,2016-01-04,0.49631243714381496
Chen,Warrior,Tank,2016-01-05,0.5093995254608505
Chen,Warrior,Tank,2016-01-06,0.5020949720670391
Chen,Warrior,Tank,2016-01-07,0.5016421780466724
Chen,Warrior,Tank,2016-01-08,0.494258872651357
Chen,Warrior,Tank,2016-01-09,0.5017833981841764
Chen,Warrior,Tank,2016-01-10,0.48361661117925353
Chen,Warrior,Tank,2016-01-11,0.4962025316455696
Chen,Warrior,Tank,2016-01-12,0.4958625079567155
Chen,Warrior,Tank,2016-01-13,0.4982555604012211
Chen,Warrior,Tank,2016-01-14,0.4947392497712717
Chen,Warrior,Tank,2016-01-15,0.48282097649186256
Chen,Warrior,Tank,2016-01-16,0.4822168885009819
Chen,Warrior,Tank,2016-01-17,0.4825174825174825
Chen,Warrior,Tank,2016-01-18,0.49487967229902713
Chen,Warrior,Tank,2016-01-19,0.4996907854050711
Chen,Warrior,Tank,2016-01-20,0.4931119745672907
Chen,Warrior,Tank,2016-01-21,0.4875663593182453
Chen,Warrior,Tank,2016-01-22,0.47511685455045366
Chen,Warrior,Tank,2016-01-23,0.5009878633926051
Chen,Warrior,Tank,2016-01-24,0.4802395209580838
Cho,Warrior,Tank,2015-12-30,0.4429081177520071
Cho,Warrior,Tank,2015-12-31,0.43530330643061704
Cho,Warrior,Tank,2016-01-01,0.4396252602359473
Cho,Warrior,Tank,2016-01-02,0.43389886074911893
Cho,Warrior,Tank,2016-01-03,0.43435966086568495
Cho,Warrior,Tank,2016-01-04,0.42772298228868383
Cho,Warrior,Tank,2016-01-05,0.4200619490111985
Cho,Warrior,Tank,2016-01-06,0.42785489326956727
Cho,Warrior,Tank,2016-01-07,0.4250564602401046
Cho,Warrior,Tank,2016-01-08,0.42046041085991537
Cho,Warrior,Tank,2016-01-09,0.4208791208791209
Cho,Warrior,Tank,2016-01-10,0.42030556924593393
Cho,Warrior,Tank,2016-01-11,0.4145805348638417
Cho,Warrior,Tank,2016-01-12,0.43747150888922653
Cho,Warrior,Tank,2016-01-13,0.4414944054617865
Cho,Warrior,Tank,2016-01-14,0.4550842748657159
Cho,Warrior,Tank,2016-01-15,0.4363833243096914
Cho,Warrior,Tank,2016-01-16,0.44734151329243355
Cho,Warrior,Tank,2016-01-17,0.4625937442838851
Cho,Warrior,Tank,2016-01-18,0.44252044252044254
Cho,Warrior,Tank,2016-01-19,0.46955223880597013
Cho,Warrior,Tank,2016-01-20,0.45534458509142056
Cho,Warrior,Tank,2016-01-21,0.4416575790621592
Cho,Warrior,Tank,2016-01-22,0.4566715903495815
Cho,Warrior,Tank,2016-01-23,0.44902439024390245
Cho,Warrior,Tank,2016-01-24,0.4242021276595745
Diablo,Warrior,Tank,2015-12-30,0.5643688451208595
Diablo,Warrior,Tank,2015-12-31,0.5584508384146342
Diablo,Warrior,Tank,2016-01-01,0.5562474055624741
Diablo,Warrior,Tank,2016-01-02,0.5590730459734264
Diablo,Warrior,Tank,2016-01-03,0.5595570474009474
Diablo,Warrior,Tank,2016-01-04,0.5612096539691771
Diablo,Warrior,Tank,2016-01-05,0.5672071231385357
Diablo,Warrior,Tank,2016-01-06,0.561301212214209
Diablo,Warrior,Tank,2016-01-07,0.5600659306961054
Diablo,Warrior,Tank,2016-01-08,0.5605764356579043
Diablo,Warrior,Tank,2016-01-09,0.5623805443880577
Diablo,Warrior,Tank,2016-01-10,0.5681735265828662
Diablo,Warrior,Tank,2016-01-11,0.5613301626265725
Diablo,Warrior,Tank,2016-01-12,0.5524519489850908
Diablo,Warrior,Tank,2016-01-13,0.5572595536915902
Diablo,Warrior,Tank,2016-01-14,0.555181717187748
Diablo,Warrior,Tank,2016-01-15,0.553373413493654
Diablo,Warrior,Tank,2016-01-16,0.5582757296466974
Diablo,Warrior,Tank,2016-01-17,0.5564652457820942
Diablo,Warrior,Tank,2016-01-18,0.5590165844564415
Diablo,Warrior,Tank,2016-01-19,0.5663841014989053
Diablo,Warrior,Tank,2016-01-20,0.5634076763485477
Diablo,Warrior,Tank,2016-01-21,0.5730433293372152
Diablo,Warrior,Tank,2016-01-22,0.5667042889390519
Diablo,Warrior,Tank,2016-01-23,0.5630589833578625
Diablo,Warrior,Tank,2016-01-24,0.5573727248747032
E.T.C.,Warrior,Tank,2015-12-30,0.4797021378813356
E.T.C.,Warrior,Tank,2015-12-31,0.4769322590271561
E.T.C.,Warrior,Tank,2016-01-01,0.4835707419383029
E.T.C.,Warrior,Tank,2016-01-02,0.4845537757437071
E.T.C.,Warrior,Tank,2016-01-03,0.48268362054542413
E.T.C.,Warrior,Tank,2016-01-04,0.48207152139384896
E.T.C.,Warrior,Tank,2016-01-05,0.4845018214354189
E.T.C.,Warrior,Tank,2016-01-06,0.48626237623762375
E.T.C.,Warrior,Tank,2016-01-07,0.4852967815953143
E.T.C.,Warrior,Tank,2016-01-08,0.48012033978291646
E.T.C.,Warrior,Tank,2016-01-09,0.47778273975661495
E.T.C.,Warrior,Tank,2016-01-10,0.4847625797306875
E.T.C.,Warrior,Tank,2016-01-11,0.48615740425821374
E.T.C.,Warrior,Tank,2016-01-12,0.5029913582982495
E.T.C.,Warrior,Tank,2016-01-13,0.4983520105471325
E.T.C.,Warrior,Tank,2016-01-14,0.49500217296827465
E.T.C.,Warrior,Tank,2016-01-15,0.49660326086956524
E.T.C.,Warrior,Tank,2016-01-16,0.4868935553946416
E.T.C.,Warrior,Tank,2016-01-17,0.4828205704019762
E.T.C.,Warrior,Tank,2016-01-18,0.4870068203401537
E.T.C.,Warrior,Tank,2016-01-19,0.4872899612236105
E.T.C.,Warrior,Tank,2016-01-20,0.4893241919686582
E.T.C.,Warrior,Tank,2016-01-21,0.47942653491009235
E.T.C.,Warrior,Tank,2016-01-22,0.4846951472418084
E.T.C.,Warrior,Tank,2016-01-23,0.4805516557932117
E.T.C.,Warrior,Tank,2016-01-24,0.49014404852160726
Falstad,Assassin,Sustained Damage,2015-12-30,0.47218958088523305
Falstad,Assassin,Sustained Damage,2015-12-31,0.47297297297297297
Falstad,Assassin,Sustained Damage,2016-01-01,0.47078934515535187
Falstad,Assassin,Sustained Damage,2016-01-02,0.46956932239087806
Falstad,Assassin,Sustained Damage,2016-01-03,0.47164649001161874
Falstad,Assassin,Sustained Damage,2016-01-04,0.4700205249137517
Falstad,Assassin,Sustained Damage,2016-01-05,0.4726251754796444
Falstad,Assassin,Sustained Damage,2016-01-06,0.4736555797326702
Falstad,Assassin,Sustained Damage,2016-01-07,0.4758686491214121
Falstad,Assassin,Sustained Damage,2016-01-08,0.4785015545613104
Falstad,Assassin,Sustained Damage,2016-01-09,0.4761220825852783
Falstad,Assassin,Sustained Damage,2016-01-10,0.472010811579771
Falstad,Assassin,Sustained Damage,2016-01-11,0.4754720025818945
Falstad,Assassin,Sustained Damage,2016-01-12,0.4797210497338961
Falstad,Assassin,Sustained Damage,2016-01-13,0.48124191461837
Falstad,Assassin,Sustained Damage,2016-01-14,0.4777940458760371
Falstad,Assassin,Sustained Damage,2016-01-15,0.4643533752118855
Falstad,Assassin,Sustained Damage,2016-01-16,0.47875755287009064
Falstad,Assassin,Sustained Damage,2016-01-17,0.4652588555858311
Falstad,Assassin,Sustained Damage,2016-01-18,0.48000855249091295
Falstad,Assassin,Sustained Damage,2016-01-19,0.4704946485391958
Falstad,Assassin,Sustained Damage,2016-01-20,0.4647370566653078
Falstad,Assassin,Sustained Damage,2016-01-21,0.478455950430881
Falstad,Assassin,Sustained Damage,2016-01-22,0.4669794033570329
Falstad,Assassin,Sustained Damage,2016-01-23,0.47263389581804843
Falstad,Assassin,Sustained Damage,2016-01-24,0.47858347386172007
Gall,Assassin,Sustained Damage,2015-12-30,0.4429081177520071
Gall,Assassin,Sustained Damage,2015-12-31,0.43530330643061704
Gall,Assassin,Sustained Damage,2016-01-01,0.4396252602359473
Gall,Assassin,Sustained Damage,2016-01-02,0.43389886074911893
Gall,Assassin,Sustained Damage,2016-01-03,0.43435966086568495
Gall,Assassin,Sustained Damage,2016-01-04,0.42772298228868383
Gall,Assassin,Sustained Damage,2016-01-05,0.4200619490111985
Gall,Assassin,Sustained Damage,2016-01-06,0.42785489326956727
Gall,Assassin,Sustained Damage,2016-01-07,0.4250564602401046
Gall,Assassin,Sustained Damage,2016-01-08,0.42046041085991537
Gall,Assassin,Sustained Damage,2016-01-09,0.4208791208791209
Gall,Assassin,Sustained Damage,2016-01-10,0.42030556924593393
Gall,Assassin,Sustained Damage,2016-01-11,0.4145805348638417
Gall,Assassin,Sustained Damage,2016-01-12,0.43747150888922653
Gall,Assassin,Sustained Damage,2016-01-13,0.4414944054617865
Gall,Assassin,Sustained Damage,2016-01-14,0.4550842748657159
Gall,Assassin,Sustained Damage,2016-01-15,0.4363833243096914
Gall,Assassin,Sustained Damage,2016-01-16,0.44734151329243355
Gall,Assassin,Sustained Damage,2016-01-17,0.4625937442838851
Gall,Assassin,Sustained Damage,2016-01-18,0.44252044252044254
Gall,Assassin,Sustained Damage,2016-01-19,0.46955223880597013
Gall,Assassin,Sustained Damage,2016-01-20,0.45534458509142056
Gall,Assassin,Sustained Damage,2016-01-21,0.4416575790621592
Gall,Assassin,Sustained Damage,2016-01-22,0.4566715903495815
Gall,Assassin,Sustained Damage,2016-01-23,0.44902439024390245
Gall,Assassin,Sustained Damage,2016-01-24,0.4242021276595745
Gazlowe,Specialist,Siege,2015-12-30,0.4868043602983362
Gazlowe,Specialist,Siege,2015-12-31,0.4837142857142857
Gazlowe,Specialist,Siege,2016-01-01,0.4856799956358082
Gazlowe,Specialist,Siege,2016-01-02,0.48297062023939064
Gazlowe,Specialist,Siege,2016-01-03,0.4846485248404864
Gazlowe,Specialist,Siege,2016-01-04,0.4911550468262227
Gazlowe,Specialist,Siege,2016-01-05,0.507742007352122
Gazlowe,Specialist,Siege,2016-01-06,0.4980506822612086
Gazlowe,Specialist,Siege,2016-01-07,0.49641978071156856
Gazlowe,Specialist,Siege,2016-01-08,0.5022241992882562
Gazlowe,Specialist,Siege,2016-01-09,0.5011210762331838
Gazlowe,Specialist,Siege,2016-01-10,0.4967141846122738
Gazlowe,Specialist,Siege,2016-01-11,0.4923246960579639
Gazlowe,Specialist,Siege,2016-01-12,0.49729451172378253
Gazlowe,Specialist,Siege,2016-01-13,0.5100133511348465
Gazlowe,Specialist,Siege,2016-01-14,0.4932349323493235
Gazlowe,Specialist,Siege,2016-01-15,0.49952231472635455
Gazlowe,Specialist,Siege,2016-01-16,0.49251204583930197
Gazlowe,Specialist,Siege,2016-01-17,0.4962131104727083
Gazlowe,Specialist,Siege,2016-01-18,0.49427450980392157
Gazlowe,Specialist,Siege,2016-01-19,0.49790396341463417
Gazlowe,Specialist,Siege,2016-01-20,0.49757945695643024
Gazlowe,Specialist,Siege,2016-01-21,0.5045359385903698
Gazlowe,Specialist,Siege,2016-01-22,0.4961832061068702
Gazlowe,Specialist,Siege,2016-01-23,0.4948708878669968
Gazlowe,Specialist,Siege,2016-01-24,0.4888547271329746
Greymane,Assassin,Sustained Damage,2016-01-07,0.16666666666666666
Greymane,Assassin,Sustained Damage,2016-01-10,0.5
Greymane,Assassin,Sustained Damage,2016-01-11,0.5
Greymane,Assassin,Sustained Damage,2016-01-12,0.4806201550387597
Greymane,Assassin,Sustained Damage,2016-01-13,0.4779109430229083
Greymane,Assassin,Sustained Damage,2016-01-14,0.4699639020321286
Greymane,Assassin,Sustained Damage,2016-01-15,0.4674845687859504
Greymane,Assassin,Sustained Damage,2016-01-16,0.4651808742808015
Greymane,Assassin,Sustained Damage,2016-01-17,0.4612477890336067
Greymane,Assassin,Sustained Damage,2016-01-18,0.4639189809097004
Greymane,Assassin,Sustained Damage,2016-01-19,0.46449662210043935
Greymane,Assassin,Sustained Damage,2016-01-20,0.47142008318478906
Greymane,Assassin,Sustained Damage,2016-01-21,0.46336601659303955
Greymane,Assassin,Sustained Damage,2016-01-22,0.46508713976534916
Greymane,Assassin,Sustained Damage,2016-01-23,0.46457938013915245
Greymane,Assassin,Sustained Damage,2016-01-24,0.44324823131344204
Illidan,Assassin,Sustained Damage,2015-12-30,0.4455272363818091
Illidan,Assassin,Sustained Damage,2015-12-31,0.45329438493995455
Illidan,Assassin,Sustained Damage,2016-01-01,0.4524320109172434
Illidan,Assassin,Sustained Damage,2016-01-02,0.4535204678362573
Illidan,Assassin,Sustained Damage,2016-01-03,0.44587803227988787
Illidan,Assassin,Sustained Damage,2016-01-04,0.45074125874125875
Illidan,Assassin,Sustained Damage,2016-01-05,0.46197673498456915
Illidan,Assassin,Sustained Damage,2016-01-06,0.4595003182686187
Illidan,Assassin,Sustained Damage,2016-01-07,0.4654164637116415
Illidan,Assassin,Sustained Damage,2016-01-08,0.4639662946263582
Illidan,Assassin,Sustained Damage,2016-01-09,0.462603305785124
Illidan,Assassin,Sustained Damage,2016-01-10,0.4595523698069046
Illidan,Assassin,Sustained Damage,2016-01-11,0.46124534511128434
Illidan,Assassin,Sustained Damage,2016-01-12,0.45758432639870733
Illidan,Assassin,Sustained Damage,2016-01-13,0.45319215850718103
Illidan,Assassin,Sustained Damage,2016-01-14,0.4465998491216726
Illidan,Assassin,Sustained Damage,2016-01-15,0.44735149045678746
Illidan,Assassin,Sustained Damage,2016-01-16,0.4470430661446528
Illidan,Assassin,Sustained Damage,2016-01-17,0.4519960409105906
Illidan,Assassin,Sustained Damage,2016-01-18,0.4521290322580645
Illidan,Assassin,Sustained Damage,2016-01-19,0.47669964889881905
Illidan,Assassin,Sustained Damage,2016-01-20,0.4716820197884681
Illidan,Assassin,Sustained Damage,2016-01-21,0.4637327981651376
Illidan,Assassin,Sustained Damage,2016-01-22,0.46243969676085456
Illidan,Assassin,Sustained Damage,2016-01-23,0.4625107727664464
Illidan,Assassin,Sustained Damage,2016-01-24,0.45963855421686745
Jaina,Assassin,Burst Damage,2015-12-30,0.4835592221567472
Jaina,Assassin,Burst Damage,2015-12-31,0.48831761297084025
Jaina,Assassin,Burst Damage,2016-01-01,0.48601050344078234
Jaina,Assassin,Burst Damage,2016-01-02,0.48379306755490786
Jaina,Assassin,Burst Damage,2016-01-03,0.48375668305670666
Jaina,Assassin,Burst Damage,2016-01-04,0.4795180722891566
Jaina,Assassin,Burst Damage,2016-01-05,0.4791517993679274
Jaina,Assassin,Burst Damage,2016-01-06,0.4830174829841185
Jaina,Assassin,Burst Damage,2016-01-07,0.48334241722305493
Jaina,Assassin,Burst Damage,2016-01-08,0.4808699024106508
Jaina,Assassin,Burst Damage,2016-01-09,0.4814510484190024
Jaina,Assassin,Burst Damage,2016-01-10,0.479460204145532
Jaina,Assassin,Burst Damage,2016-01-11,0.4798973481608212
Jaina,Assassin,Burst Damage,2016-01-12,0.4931050478640408
Jaina,Assassin,Burst Damage,2016-01-13,0.4932279408499489
Jaina,Assassin,Burst Damage,2016-01-14,0.4909083074801793
Jaina,Assassin,Burst Damage,2016-01-15,0.49252860668611176
Jaina,Assassin,Burst Damage,2016-01-16,0.4870472837022133
Jaina,Assassin,Burst Damage,2016-01-17,0.4902478494165744
Jaina,Assassin,Burst Damage,2016-01-18,0.48599384126353434
Jaina,Assassin,Burst Damage,2016-01-19,0.48607656373233027
Jaina,Assassin,Burst Damage,2016-01-20,0.4828975216767939
Jaina,Assassin,Burst Damage,2016-01-21,0.4783058444916959
Jaina,Assassin,Burst Damage,2016-01-22,0.47752593161736456
Jaina,Assassin,Burst Damage,2016-01-23,0.4811361901646494
Jaina,Assassin,Burst Damage,2016-01-24,0.48127431906614787
Johanna,Warrior,Tank,2015-12-30,0.4963672391017173
Johanna,Warrior,Tank,2015-12-31,0.4934486597584996
Johanna,Warrior,Tank,2016-01-01,0.49413724610751586
Johanna,Warrior,Tank,2016-01-02,0.491082782792097
Johanna,Warrior,Tank,2016-01-03,0.49682674692488876
Johanna,Warrior,Tank,2016-01-04,0.49407973912030745
Johanna,Warrior,Tank,2016-01-05,0.509436639704839
Johanna,Warrior,Tank,2016-01-06,0.5108421583459405
Johanna,Warrior,Tank,2016-01-07,0.5021732613908872
Johanna,Warrior,Tank,2016-01-08,0.5157463635079791
Johanna,Warrior,Tank,2016-01-09,0.5054543035785553
Johanna,Warrior,Tank,2016-01-10,0.5074813835339967
Johanna,Warrior,Tank,2016-01-11,0.5199900257667692
Johanna,Warrior,Tank,2016-01-12,0.5164464934834648
Johanna,Warrior,Tank,2016-01-13,0.5158984697150187
Johanna,Warrior,Tank,2016-01-14,0.5152455723936462
Johanna,Warrior,Tank,2016-01-15,0.526814759736035
Johanna,Warrior,Tank,2016-01-16,0.515058611361587
Johanna,Warrior,Tank,2016-01-17,0.5273355771854816
Johanna,Warrior,Tank,2016-01-18,0.5129689174705252
Johanna,Warrior,Tank,2016-01-19,0.5110441767068273
Johanna,Warrior,Tank,2016-01-20,0.5091463414634146
Johanna,Warrior,Tank,2016-01-21,0.5061787072243346
Johanna,Warrior,Tank,2016-01-22,0.509276747028108
Johanna,Warrior,Tank,2016-01-23,0.5107378524295141
Johanna,Warrior,Tank,2016-01-24,0.5002658160552897
Kael'thas,Assassin,Burst Damage,2015-12-30,0.5332825203252033
Kael'thas,Assassin,Burst Damage,2015-12-31,0.5262147724001152
Kael'thas,Assassin,Burst Damage,2016-01-01,0.5283639553584483
Kael'thas,Assassin,Burst Damage,2016-01-02,0.532835626546291
Kael'thas,Assassin,Burst Damage,2016-01-03,0.5332323298860417
Kael'thas,Assassin,Burst Damage,2016-01-04,0.5324506352364916
Kael'thas,Assassin,Burst Damage,2016-01-05,0.5328999265565922
Kael'thas,Assassin,Burst Damage,2016-01-06,0.5308427686391797
Kael'thas,Assassin,Burst Damage,2016-01-07,0.5291575507117198
Kael'thas,Assassin,Burst Damage,2016-01-08,0.5325806118230674
Kael'thas,Assassin,Burst Damage,2016-01-09,0.5293963940423309
Kael'thas,Assassin,Burst Damage,2016-01-10,0.5344797551203245
Kael'thas,Assassin,Burst Damage,2016-01-11,0.5269563271130011
Kael'thas,Assassin,Burst Damage,2016-01-12,0.5195767195767196
Kael'thas,Assassin,Burst Damage,2016-01-13,0.5238062123319425
Kael'thas,Assassin,Burst Damage,2016-01-14,0.5263730545437343
Kael'thas,Assassin,Burst Damage,2016-01-15,0.5272899857617466
Kael'thas,Assassin,Burst Damage,2016-01-16,0.5254172627563185
Kael'thas,Assassin,Burst Damage,2016-01-17,0.5239326652907974
Kael'thas,Assassin,Burst Damage,2016-01-18,0.5263521885715933
Kael'thas,Assassin,Burst Damage,2016-01-19,0.5423318191650444
Kael'thas,Assassin,Burst Damage,2016-01-20,0.5421353858298796
Kael'thas,Assassin,Burst Damage,2016-01-21,0.5420966420966421
Kael'thas,Assassin,Burst Damage,2016-01-22,0.5478583393156258
Kael'thas,Assassin,Burst Damage,2016-01-23,0.549775130667315
Kael'thas,Assassin,Burst Damage,2016-01-24,0.5448189315166726
Kerrigan,Assassin,Ambusher,2015-12-30,0.5133967156439067
Kerrigan,Assassin,Ambusher,2015-12-31,0.49881583399120333
Kerrigan,Assassin,Ambusher,2016-01-01,0.5005048805116122
Kerrigan,Assassin,Ambusher,2016-01-02,0.49573552720960073
Kerrigan,Assassin,Ambusher,2016-01-03,0.49470583552264946
Kerrigan,Assassin,Ambusher,2016-01-04,0.4954128440366973
Kerrigan,Assassin,Ambusher,2016-01-05,0.49763985136085165
Kerrigan,Assassin,Ambusher,2016-01-06,0.49801626661376713
Kerrigan,Assassin,Ambusher,2016-01-07,0.4848091145312812
Kerrigan,Assassin,Ambusher,2016-01-08,0.49259692187804405
Kerrigan,Assassin,Ambusher,2016-01-09,0.4962265826156441
Kerrigan,Assassin,Ambusher,2016-01-10,0.4938018454655606
Kerrigan,Assassin,Ambusher,2016-01-11,0.48852168126871465
Kerrigan,Assassin,Ambusher,2016-01-12,0.49236688593769395
Kerrigan,Assassin,Ambusher,2016-01-13,0.5029400235201882
Kerrigan,Assassin,Ambusher,2016-01-14,0.49588053553038103
Kerrigan,Assassin,Ambusher,2016-01-15,0.497557003257329
Kerrigan,Assassin,Ambusher,2016-01-16,0.49981062997096326
Kerrigan,Assassin,Ambusher,2016-01-17,0.4983987189751801
Kerrigan,Assassin,Ambusher,2016-01-18,0.4967517751926273
Kerrigan,Assassin,Ambusher,2016-01-19,0.5116022099447514
Kerrigan,Assassin,Ambusher,2016-01-20,0.5078748210267948
Kerrigan,Assassin,Ambusher,2016-01-21,0.5126287803256896
Kerrigan,Assassin,Ambusher,2016-01-22,0.4936482084690554
Kerrigan,Assassin,Ambusher,2016-01-23,0.5066847182264342
Kerrigan,Assassin,Ambusher,2016-01-24,0.48997772828507796
Kharazim,Support,Healer,2015-12-30,0.48455710955710957
Kharazim,Support,Healer,2015-12-31,0.5058199499042286
Kharazim,Support,Healer,2016-01-01,0.4988581992170509
Kharazim,Support,Healer,2016-01-02,0.5
Kharazim,Support,Healer,2016-01-03,0.49691670036393043
Kharazim,Support,Healer,2016-01-04,0.49292845257903495
Kharazim,Support,Healer,2016-01-05,0.5000314841634658
Kharazim,Support,Healer,2016-01-06,0.4906156156156156
Kharazim,Support,Healer,2016-01-07,0.49993705149187967
Kharazim,Support,Healer,2016-01-08,0.4923801263783918
Kharazim,Support,Healer,2016-01-09,0.49773675856798544
Kharazim,Support,Healer,2016-01-10,0.5022407945736435
Kharazim,Support,Healer,2016-01-11,0.4931650160412889
Kharazim,Support,Healer,2016-01-12,0.4997172345539375
Kharazim,Support,Healer,2016-01-13,0.4938086035358958
Kharazim,Support,Healer,2016-01-14,0.49304174950298213
Kharazim,Support,Healer,2016-01-15,0.4943715550034935
Kharazim,Support,Healer,2016-01-16,0.4945139261873705
Kharazim,Support,Healer,2016-01-17,0.49177084981800917
Kharazim,Support,Healer,2016-01-18,0.4898433465312446
Kharazim,Support,Healer,2016-01-19,0.48245489416110243
Kharazim,Support,Healer,2016-01-20,0.48287422473040176
Kharazim,Support,Healer,2016-01-21,0.4812083392426606
Kharazim,Support,Healer,2016-01-22,0.48691534029879896
Kharazim,Support,Healer,2016-01-23,0.48776804590758077
Kharazim,Support,Healer,2016-01-24,0.49249595936273377
Leoric,Warrior,Bruiser,2015-12-30,0.5082393755420642
Leoric,Warrior,Bruiser,2015-12-31,0.5192157736437563
Leoric,Warrior,Bruiser,2016-01-01,0.5131674904788915
Leoric,Warrior,Bruiser,2016-01-02,0.5074219933353529
Leoric,Warrior,Bruiser,2016-01-03,0.5111179032627798
Leoric,Warrior,Bruiser,2016-01-04,0.5098362005103301
Leoric,Warrior,Bruiser,2016-01-05,0.4989151659796051
Leoric,Warrior,Bruiser,2016-01-06,0.49933821239489257
Leoric,Warrior,Bruiser,2016-01-07,0.4993521421107628
Leoric,Warrior,Bruiser,2016-01-08,0.5049145749841806
Leoric,Warrior,Bruiser,2016-01-09,0.5021107422435346
Leoric,Warrior,Bruiser,2016-01-10,0.4975087412587413
Leoric,Warrior,Bruiser,2016-01-11,0.5028997073689812
Leoric,Warrior,Bruiser,2016-01-12,0.5140002323690019
Leoric,Warrior,Bruiser,2016-01-13,0.5129238795352146
Leoric,Warrior,Bruiser,2016-01-14,0.5145032632342277
Leoric,Warrior,Bruiser,2016-01-15,0.5109737638748738
Leoric,Warrior,Bruiser,2016-01-16,0.5074444715645594
Leoric,Warrior,Bruiser,2016-01-17,0.5043044291952589
Leoric,Warrior,Bruiser,2016-01-18,0.5002837684449489
Leoric,Warrior,Bruiser,2016-01-19,0.5112456747404844
Leoric,Warrior,Bruiser,2016-01-20,0.5094961240310077
Leoric,Warrior,Bruiser,2016-01-21,0.5029839326702372
Leoric,Warrior,Bruiser,2016-01-22,0.5037014188772363
Leoric,Warrior,Bruiser,2016-01-23,0.4990032203649747
Leoric,Warrior,Bruiser,2016-01-24,0.5064145847400405
Li Li,Support,Healer,2015-12-30,0.5151982378854626
Li Li,Support,Healer,2015-12-31,0.4966396292004635
Li Li,Support,Healer,2016-01-01,0.5014331408632078
Li Li,Support,Healer,2016-01-02,0.49751454664560135
Li Li,Support,Healer,2016-01-03,0.4958420797674794
Li Li,Support,Healer,2016-01-04,0.5044661846022969
Li Li,Support,Healer,2016-01-05,0.4974124443374654
Li Li,Support,Healer,2016-01-06,0.4999702292348913
Li Li,Support,Healer,2016-01-07,0.4989193083573487
Li Li,Support,Healer,2016-01-08,0.49591390423572745
Li Li,Support,Healer,2016-01-09,0.49530654937510055
Li Li,Support,Healer,2016-01-10,0.4888334718758659
Li Li,Support,Healer,2016-01-11,0.48987350521877376
Li Li,Support,Healer,2016-01-12,0.5020466639377814
Li Li,Support,Healer,2016-01-13,0.49975860404165806
Li Li,Support,Healer,2016-01-14,0.4924640978245414
Li Li,Support,Healer,2016-01-15,0.4998505455088925
Li Li,Support,Healer,2016-01-16,0.49287810464533677
Li Li,Support,Healer,2016-01-17,0.49553474188629926
Li Li,Support,Healer,2016-01-18,0.5016634564874803
Li Li,Support,Healer,2016-01-19,0.4914066878385952
Li Li,Support,Healer,2016-01-20,0.5019455252918288
Li Li,Support,Healer,2016-01-21,0.5040657671343044
Li Li,Support,Healer,2016-01-22,0.5150742726553573
Li Li,Support,Healer,2016-01-23,0.5016066000868432
Li Li,Support,Healer,2016-01-24,0.5038669760247486
Lt. Morales,Support,Healer,2015-12-30,0.5110584518167457
Lt. Morales,Support,Healer,2015-12-31,0.5170576278635389
Lt. Morales,Support,Healer,2016-01-01,0.5163850284270373
Lt. Morales,Support,Healer,2016-01-02,0.518943533697632
Lt. Morales,Support,Healer,2016-01-03,0.5156221181157549
Lt. Morales,Support,Healer,2016-01-04,0.5098873699595907
Lt. Morales,Support,Healer,2016-01-05,0.5101784133786742
Lt. Morales,Support,Healer,2016-01-06,0.5090950639853747
Lt. Morales,Support,Healer,2016-01-07,0.5037614934522151
Lt. Morales,Support,Healer,2016-01-08,0.5060965063991698
Lt. Morales,Support,Healer,2016-01-09,0.5086367787793352
Lt. Morales,Support,Healer,2016-01-10,0.5097385217212271
Lt. Morales,Support,Healer,2016-01-11,0.5020331250619855
Lt. Morales,Support,Healer,2016-01-12,0.5153767536932082
Lt. Morales,Support,Healer,2016-01-13,0.5162226696006368
Lt. Morales,Support,Healer,2016-01-14,0.5149741488635255
Lt. Morales,Support,Healer,2016-01-15,0.5083263946711074
Lt. Morales,Support,Healer,2016-01-16,0.5135295572594608
Lt. Morales,Support,Healer,2016-01-17,0.5140143498683735
Lt. Morales,Support,Healer,2016-01-18,0.5054264516524618
Lt. Morales,Support,Healer,2016-01-19,0.5155210643015521
Lt. Morales,Support,Healer,2016-01-20,0.5124552195284512
Lt. Morales,Support,Healer,2016-01-21,0.5223601192539693
Lt. Morales,Support,Healer,2016-01-22,0.5182264736297828
Lt. Morales,Support,Healer,2016-01-23,0.5207227043129128
Lt. Morales,Support,Healer,2016-01-24,0.5162638018501939
Lunara,Assassin,Sustained Damage,2015-12-30,0.39956114103331336
Lunara,Assassin,Sustained Damage,2015-12-31,0.4055710852827228
Lunara,Assassin,Sustained Damage,2016-01-01,0.4054559742543876
Lunara,Assassin,Sustained Damage,2016-01-02,0.4001260239445495
Lunara,Assassin,Sustained Damage,2016-01-03,0.3987252678501603
Lunara,Assassin,Sustained Damage,2016-01-04,0.3961136727204291
Lunara,Assassin,Sustained Damage,2016-01-05,0.4003213711837172
Lunara,Assassin,Sustained Damage,2016-01-06,0.399609375
Lunara,Assassin,Sustained Damage,2016-01-07,0.39464640983903054
Lunara,Assassin,Sustained Damage,2016-01-08,0.3959581291220427
Lunara,Assassin,Sustained Damage,2016-01-09,0.3982203094102594
Lunara,Assassin,Sustained Damage,2016-01-10,0.3965465010602848
Lunara,Assassin,Sustained Damage,2016-01-11,0.3949876191190816
Lunara,Assassin,Sustained Damage,2016-01-12,0.38809735826654795
Lunara,Assassin,Sustained Damage,2016-01-13,0.3856930937860557
Lunara,Assassin,Sustained Damage,2016-01-14,0.39495647491698826
Lunara,Assassin,Sustained Damage,2016-01-15,0.3947215214438191
Lunara,Assassin,Sustained Damage,2016-01-16,0.39864929135356225
Lunara,Assassin,Sustained Damage,2016-01-17,0.4005732358173552
Lunara,Assassin,Sustained Damage,2016-01-18,0.3992936427850656
Lunara,Assassin,Sustained Damage,2016-01-19,0.44166897698918767
Lunara,Assassin,Sustained Damage,2016-01-20,0.4569313593539704
Lunara,Assassin,Sustained Damage,2016-01-21,0.4741988937381847
Lunara,Assassin,Sustained Damage,2016-01-22,0.4731772874902005
Lunara,Assassin,Sustained Damage,2016-01-23,0.4702657498606207
Lunara,Assassin,Sustained Damage,2016-01-24,0.4694727768998707
Malfurion,Support,Healer,2015-12-30,0.46765769385295297
Malfurion,Support,Healer,2015-12-31,0.45855706336034363
Malfurion,Support,Healer,2016-01-01,0.46060475472240175
Malfurion,Support,Healer,2016-01-02,0.4640544041450777
Malfurion,Support,Healer,2016-01-03,0.4678425323586614
Malfurion,Support,Healer,2016-01-04,0.46423815119467293
Malfurion,Support,Healer,2016-01-05,0.46225761772853186
Malfurion,Support,Healer,2016-01-06,0.4624622030237581
Malfurion,Support,Healer,2016-01-07,0.46239578015994554
Malfurion,Support,Healer,2016-01-08,0.4609060264737318
Malfurion,Support,Healer,2016-01-09,0.45593077571023816
Malfurion,Support,Healer,2016-01-10,0.4560153686064196
Malfurion,Support,Healer,2016-01-11,0.4584026622296173
Malfurion,Support,Healer,2016-01-12,0.45642892139707425
Malfurion,Support,Healer,2016-01-13,0.46188014272191075
Malfurion,Support,Healer,2016-01-14,0.45924870660568345
Malfurion,Support,Healer,2016-01-15,0.46716535433070866
Malfurion,Support,Healer,2016-01-16,0.4628874981807597
Malfurion,Support,Healer,2016-01-17,0.4625
Malfurion,Support,Healer,2016-01-18,0.45851764918299176
Malfurion,Support,Healer,2016-01-19,0.46013735443415943
Malfurion,Support,Healer,2016-01-20,0.48815692079940787
Malfurion,Support,Healer,2016-01-21,0.5003809233582204
Malfurion,Support,Healer,2016-01-22,0.48951781970649894
Malfurion,Support,Healer,2016-01-23,0.49744414994320335
Malfurion,Support,Healer,2016-01-24,0.5004621072088724
Muradin,Warrior,Tank,2015-12-30,0.5058017880920678
Muradin,Warrior,Tank,2015-12-31,0.5074243289548829
Muradin,Warrior,Tank,2016-01-01,0.4984577637574483
Muradin,Warrior,Tank,2016-01-02,0.5048669900757792
Muradin,Warrior,Tank,2016-01-03,0.49996849599899185
Muradin,Warrior,Tank,2016-01-04,0.5008060760219253
Muradin,Warrior,Tank,2016-01-05,0.5002425166297118
Muradin,Warrior,Tank,2016-01-06,0.5031684828164291
Muradin,Warrior,Tank,2016-01-07,0.5049188140381932
Muradin,Warrior,Tank,2016-01-08,0.501524537022178
Muradin,Warrior,Tank,2016-01-09,0.5071030390217587
Muradin,Warrior,Tank,2016-01-10,0.5013966042117817
Muradin,Warrior,Tank,2016-01-11,0.5007636919048658
Muradin,Warrior,Tank,2016-01-12,0.5101395838820121
Muradin,Warrior,Tank,2016-01-13,0.5142338513304113
Muradin,Warrior,Tank,2016-01-14,0.5052056220718376
Muradin,Warrior,Tank,2016-01-15,0.5058105090461651
Muradin,Warrior,Tank,2016-01-16,0.4989090909090909
Muradin,Warrior,Tank,2016-01-17,0.5003798882681564
Muradin,Warrior,Tank,2016-01-18,0.5047339047239386
Muradin,Warrior,Tank,2016-01-19,0.5076824583866837
Muradin,Warrior,Tank,2016-01-20,0.4970474445123193
Muradin,Warrior,Tank,2016-01-21,0.5045531001682036
Muradin,Warrior,Tank,2016-01-22,0.49769274057400115
Muradin,Warrior,Tank,2016-01-23,0.5027177055626229
Muradin,Warrior,Tank,2016-01-24,0.5106965174129353
Murky,Specialist,Utility,2015-12-30,0.5340028694404592
Murky,Specialist,Utility,2015-12-31,0.5475888797793843
Murky,Specialist,Utility,2016-01-01,0.5459296248983858
Murky,Specialist,Utility,2016-01-02,0.5436057665954065
Murky,Specialist,Utility,2016-01-03,0.544991314418066
Murky,Specialist,Utility,2016-01-04,0.5430900621118012
Murky,Specialist,Utility,2016-01-05,0.5516261008251855
Murky,Specialist,Utility,2016-01-06,0.5387323943661971
Murky,Specialist,Utility,2016-01-07,0.5464714818395249
Murky,Specialist,Utility,2016-01-08,0.5469620417152481
Murky,Specialist,Utility,2016-01-09,0.5519236688211757
Murky,Specialist,Utility,2016-01-10,0.5427203932475261
Murky,Specialist,Utility,2016-01-11,0.5396039603960396
Murky,Specialist,Utility,2016-01-12,0.5313739778155615
Murky,Specialist,Utility,2016-01-13,0.5276114437791084
Murky,Specialist,Utility,2016-01-14,0.5286586399864338
Murky,Specialist,Utility,2016-01-15,0.5406792711095902
Murky,Specialist,Utility,2016-01-16,0.5385822868473232
Murky,Specialist,Utility,2016-01-17,0.5366188718124839
Murky,Specialist,Utility,2016-01-18,0.536969696969697
Murky,Specialist,Utility,2016-01-19,0.538441791811064
Murky,Specialist,Utility,2016-01-20,0.5376539753639418
Murky,Specialist,Utility,2016-01-21,0.5374109263657957
Murky,Specialist,Utility,2016-01-22,0.5419613389910419
Murky,Specialist,Utility,2016-01-23,0.5385800640037928
Murky,Specialist,Utility,2016-01-24,0.5594294770206022
Nazeebo,Specialist,Sustained Damage,2015-12-30,0.5304702858006956
Nazeebo,Specialist,Sustained Damage,2015-12-31,0.5287732795064173
Nazeebo,Specialist,Sustained Damage,2016-01-01,0.5293805507456851
Nazeebo,Specialist,Sustained Damage,2016-01-02,0.5287779522443012
Nazeebo,Specialist,Sustained Damage,2016-01-03,0.5322071144073617
Nazeebo,Specialist,Sustained Damage,2016-01-04,0.5311824380508897
Nazeebo,Specialist,Sustained Damage,2016-01-05,0.5429741692541454
Nazeebo,Specialist,Sustained Damage,2016-01-06,0.539166224110462
Nazeebo,Specialist,Sustained Damage,2016-01-07,0.5362086258776328
Nazeebo,Specialist,Sustained Damage,2016-01-08,0.536679292929293
Nazeebo,Specialist,Sustained Damage,2016-01-09,0.5400459048079246
Nazeebo,Specialist,Sustained Damage,2016-01-10,0.5383864274380569
Nazeebo,Specialist,Sustained Damage,2016-01-11,0.5456291343623302
Nazeebo,Specialist,Sustained Damage,2016-01-12,0.5485010143511909
Nazeebo,Specialist,Sustained Damage,2016-01-13,0.5462304409672831
Nazeebo,Specialist,Sustained Damage,2016-01-14,0.5363111041699203
Nazeebo,Specialist,Sustained Damage,2016-01-15,0.5376025716944421
Nazeebo,Specialist,Sustained Damage,2016-01-16,0.5424135723431498
Nazeebo,Specialist,Sustained Damage,2016-01-17,0.5412568083895618
Nazeebo,Specialist,Sustained Damage,2016-01-18,0.537185612548454
Nazeebo,Specialist,Sustained Damage,2016-01-19,0.5390594198817235
Nazeebo,Specialist,Sustained Damage,2016-01-20,0.5314636616865029
Nazeebo,Specialist,Sustained Damage,2016-01-21,0.5367084396140623
Nazeebo,Specialist,Sustained Damage,2016-01-22,0.5393327041581081
Nazeebo,Specialist,Sustained Damage,2016-01-23,0.5318319366852886
Nazeebo,Specialist,Sustained Damage,2016-01-24,0.5272583618646299
Nova,Assassin,Ambusher,2015-12-30,0.5178256265442993
Nova,Assassin,Ambusher,2015-12-31,0.5151140027637033
Nova,Assassin,Ambusher,2016-01-01,0.5167307607302303
Nova,Assassin,Ambusher,2016-01-02,0.5178987764870943
Nova,Assassin,Ambusher,2016-01-03,0.5182595501240542
Nova,Assassin,Ambusher,2016-01-04,0.5148573783251683
Nova,Assassin,Ambusher,2016-01-05,0.5001942753529336
Nova,Assassin,Ambusher,2016-01-06,0.49831069999343963
Nova,Assassin,Ambusher,2016-01-07,0.4997962025746408
Nova,Assassin,Ambusher,2016-01-08,0.49888612023300716
Nova,Assassin,Ambusher,2016-01-09,0.502253252935576
Nova,Assassin,Ambusher,2016-01-10,0.5011762728953117
Nova,Assassin,Ambusher,2016-01-11,0.5011018782475082
Nova,Assassin,Ambusher,2016-01-12,0.5196238757154538
Nova,Assassin,Ambusher,2016-01-13,0.5182513390507446
Nova,Assassin,Ambusher,2016-01-14,0.513855573791188
Nova,Assassin,Ambusher,2016-01-15,0.5132203613345642
Nova,Assassin,Ambusher,2016-01-16,0.5196378395254448
Nova,Assassin,Ambusher,2016-01-17,0.5179943259698447
Nova,Assassin,Ambusher,2016-01-18,0.520007550018875
Nova,Assassin,Ambusher,2016-01-19,0.5191494981510829
Nova,Assassin,Ambusher,2016-01-20,0.5183391352605822
Nova,Assassin,Ambusher,2016-01-21,0.5207500515145271
Nova,Assassin,Ambusher,2016-01-22,0.5142330877427997
Nova,Assassin,Ambusher,2016-01-23,0.5136736358562658
Nova,Assassin,Ambusher,2016-01-24,0.5142746164303749
Raynor,Assassin,Sustained Damage,2015-12-30,0.5564580826313679
Raynor,Assassin,Sustained Damage,2015-12-31,0.5480859253094768
Raynor,Assassin,Sustained Damage,2016-01-01,0.5468464482871377
Raynor,Assassin,Sustained Damage,2016-01-02,0.5527706344453447
Raynor,Assassin,Sustained Damage,2016-01-03,0.5511419351387973
Raynor,Assassin,Sustained Damage,2016-01-04,0.5521738237529008
Raynor,Assassin,Sustained Damage,2016-01-05,0.5451899857588078
Raynor,Assassin,Sustained Damage,2016-01-06,0.5466105126751437
Raynor,Assassin,Sustained Damage,2016-01-07,0.5453633777450319
Raynor,Assassin,Sustained Damage,2016-01-08,0.5443377967373701
Raynor,Assassin,Sustained Damage,2016-01-09,0.5457579770348469
Raynor,Assassin,Sustained Damage,2016-01-10,0.5481569785043899
Raynor,Assassin,Sustained Damage,2016-01-11,0.5505269544504617
Raynor,Assassin,Sustained Damage,2016-01-12,0.5551639719135886
Raynor,Assassin,Sustained Damage,2016-01-13,0.557522372938594
Raynor,Assassin,Sustained Damage,2016-01-14,0.5545067245844123
Raynor,Assassin,Sustained Damage,2016-01-15,0.5541833899351651
Raynor,Assassin,Sustained Damage,2016-01-16,0.5557326109473348
Raynor,Assassin,Sustained Damage,2016-01-17,0.5489489324235087
Raynor,Assassin,Sustained Damage,2016-01-18,0.5468381497437188
Raynor,Assassin,Sustained Damage,2016-01-19,0.5487347359129028
Raynor,Assassin,Sustained Damage,2016-01-20,0.5456481355625028
Raynor,Assassin,Sustained Damage,2016-01-21,0.5280884808013355
Raynor,Assassin,Sustained Damage,2016-01-22,0.5251739664347114
Raynor,Assassin,Sustained Damage,2016-01-23,0.5243179603767457
Raynor,Assassin,Sustained Damage,2016-01-24,0.5277112870557908
Rehgar,Support,Healer,2015-12-30,0.47227086981903094
Rehgar,Support,Healer,2015-12-31,0.47699939867708957
Rehgar,Support,Healer,2016-01-01,0.47286486486486484
Rehgar,Support,Healer,2016-01-02,0.47339505544816357
Rehgar,Support,Healer,2016-01-03,0.47181865018031943
Rehgar,Support,Healer,2016-01-04,0.47379841597048933
Rehgar,Support,Healer,2016-01-05,0.4537018756169793
Rehgar,Support,Healer,2016-01-06,0.4524034921636689
Rehgar,Support,Healer,2016-01-07,0.4612579251528923
Rehgar,Support,Healer,2016-01-08,0.46393543686599786
Rehgar,Support,Healer,2016-01-09,0.46491803278688526
Rehgar,Support,Healer,2016-01-10,0.4538936815108417
Rehgar,Support,Healer,2016-01-11,0.4573803097030828
Rehgar,Support,Healer,2016-01-12,0.46939317487717436
Rehgar,Support,Healer,2016-01-13,0.46902781760825923
Rehgar,Support,Healer,2016-01-14,0.46903935185185186
Rehgar,Support,Healer,2016-01-15,0.4704808277541083
Rehgar,Support,Healer,2016-01-16,0.46963932430375893
Rehgar,Support,Healer,2016-01-17,0.4544449707879362
Rehgar,Support,Healer,2016-01-18,0.4569281524926686
Rehgar,Support,Healer,2016-01-19,0.4760164458656921
Rehgar,Support,Healer,2016-01-20,0.47923156801661476
Rehgar,Support,Healer,2016-01-21,0.4763549989203196
Rehgar,Support,Healer,2016-01-22,0.47181799549087927
Rehgar,Support,Healer,2016-01-23,0.47625079164027867
Rehgar,Support,Healer,2016-01-24,0.4620493358633776
Rexxar,Warrior,Tank,2015-12-30,0.5178926441351889
Rexxar,Warrior,Tank,2015-12-31,0.5025773195876289
Rexxar,Warrior,Tank,2016-01-01,0.5026027643152038
Rexxar,Warrior,Tank,2016-01-02,0.5027112121742172
Rexxar,Warrior,Tank,2016-01-03,0.5079169598874033
Rexxar,Warrior,Tank,2016-01-04,0.506462731581215
Rexxar,Warrior,Tank,2016-01-05,0.503019458734064
Rexxar,Warrior,Tank,2016-01-06,0.4919761577258138
Rexxar,Warrior,Tank,2016-01-07,0.5126926563916591
Rexxar,Warrior,Tank,2016-01-08,0.5087758275938681
Rexxar,Warrior,Tank,2016-01-09,0.49869556492073047
Rexxar,Warrior,Tank,2016-01-10,0.5022177419354839
Rexxar,Warrior,Tank,2016-01-11,0.5045965270684372
Rexxar,Warrior,Tank,2016-01-12,0.5130505709624796
Rexxar,Warrior,Tank,2016-01-13,0.5091638029782359
Rexxar,Warrior,Tank,2016-01-14,0.5111424541607898
Rexxar,Warrior,Tank,2016-01-15,0.5093910073989756
Rexxar,Warrior,Tank,2016-01-16,0.5101824914043904
Rexxar,Warrior,Tank,2016-01-17,0.5105756358768407
Rexxar,Warrior,Tank,2016-01-18,0.4952506596306069
Rexxar,Warrior,Tank,2016-01-19,0.46872580894875365
Rexxar,Warrior,Tank,2016-01-20,0.4720939570367396
Rexxar,Warrior,Tank,2016-01-21,0.47196089282420217
Rexxar,Warrior,Tank,2016-01-22,0.46785714285714286
Rexxar,Warrior,Tank,2016-01-23,0.46858205870194297
Rexxar,Warrior,Tank,2016-01-24,0.4582947173308619
Sgt. Hammer,Specialist,Siege,2015-12-30,0.5309892729439809
Sgt. Hammer,Specialist,Siege,2015-12-31,0.5260190107942645
Sgt. Hammer,Specialist,Siege,2016-01-01,0.5267563713027842
Sgt. Hammer,Specialist,Siege,2016-01-02,0.526114124027352
Sgt. Hammer,Specialist,Siege,2016-01-03,0.522897634106348
Sgt. Hammer,Specialist,Siege,2016-01-04,0.5208591491119372
Sgt. Hammer,Specialist,Siege,2016-01-05,0.5329227493917275
Sgt. Hammer,Specialist,Siege,2016-01-06,0.5255425460511597
Sgt. Hammer,Specialist,Siege,2016-01-07,0.5273234340845707
Sgt. Hammer,Specialist,Siege,2016-01-08,0.5273235499650594
Sgt. Hammer,Specialist,Siege,2016-01-09,0.5270359163267991
Sgt. Hammer,Specialist,Siege,2016-01-10,0.5195328507034558
Sgt. Hammer,Specialist,Siege,2016-01-11,0.5152804642166344
Sgt. Hammer,Specialist,Siege,2016-01-12,0.4965782206747509
Sgt. Hammer,Specialist,Siege,2016-01-13,0.49696068570429003
Sgt. Hammer,Specialist,Siege,2016-01-14,0.5064202513069798
Sgt. Hammer,Specialist,Siege,2016-01-15,0.500919651500484
Sgt. Hammer,Specialist,Siege,2016-01-16,0.4979814101962257
Sgt. Hammer,Specialist,Siege,2016-01-17,0.49907686327859296
Sgt. Hammer,Specialist,Siege,2016-01-18,0.5056399000060972
Sgt. Hammer,Specialist,Siege,2016-01-19,0.5256155185277295
Sgt. Hammer,Specialist,Siege,2016-01-20,0.5239909681061248
Sgt. Hammer,Specialist,Siege,2016-01-21,0.5292787431563913
Sgt. Hammer,Specialist,Siege,2016-01-22,0.537669251244069
Sgt. Hammer,Specialist,Siege,2016-01-23,0.5290463591395376
Sgt. Hammer,Specialist,Siege,2016-01-24,0.5010604453870625
Sonya,Warrior,Bruiser,2015-12-30,0.5118198037466548
Sonya,Warrior,Bruiser,2015-12-31,0.5233470954236203
Sonya,Warrior,Bruiser,2016-01-01,0.5202236961893614
Sonya,Warrior,Bruiser,2016-01-02,0.5230578644501279
Sonya,Warrior,Bruiser,2016-01-03,0.5108017679375438
Sonya,Warrior,Bruiser,2016-01-04,0.5171759347124691
Sonya,Warrior,Bruiser,2016-01-05,0.5151654882672405
Sonya,Warrior,Bruiser,2016-01-06,0.5066488042076015
Sonya,Warrior,Bruiser,2016-01-07,0.516539568708651
Sonya,Warrior,Bruiser,2016-01-08,0.516091281451141
Sonya,Warrior,Bruiser,2016-01-09,0.5075517605472157
Sonya,Warrior,Bruiser,2016-01-10,0.511491004991994
Sonya,Warrior,Bruiser,2016-01-11,0.5140044596725948
Sonya,Warrior,Bruiser,2016-01-12,0.5115610548681415
Sonya,Warrior,Bruiser,2016-01-13,0.5045662100456622
Sonya,Warrior,Bruiser,2016-01-14,0.5131197214879762
Sonya,Warrior,Bruiser,2016-01-15,0.5058174725939875
Sonya,Warrior,Bruiser,2016-01-16,0.5144587729581868
Sonya,Warrior,Bruiser,2016-01-17,0.5046337612411615
Sonya,Warrior,Bruiser,2016-01-18,0.5044769085768144
Sonya,Warrior,Bruiser,2016-01-19,0.5170883685800605
Sonya,Warrior,Bruiser,2016-01-20,0.5057240409720828
Sonya,Warrior,Bruiser,2016-01-21,0.5182695622199242
Sonya,Warrior,Bruiser,2016-01-22,0.517612283438706
Sonya,Warrior,Bruiser,2016-01-23,0.5120601354700148
Sonya,Warrior,Bruiser,2016-01-24,0.5172286031863653
Stitches,Warrior,Tank,2015-12-30,0.43601675197766404
Stitches,Warrior,Tank,2015-12-31,0.43759873617693523
Stitches,Warrior,Tank,2016-01-01,0.44568988524152653
Stitches,Warrior,Tank,2016-01-02,0.4464709874448592
Stitches,Warrior,Tank,2016-01-03,0.4434648634768467
Stitches,Warrior,Tank,2016-01-04,0.4356266344799839
Stitches,Warrior,Tank,2016-01-05,0.4363793475912724
Stitches,Warrior,Tank,2016-01-06,0.4504961173425367
Stitches,Warrior,Tank,2016-01-07,0.4435305283138247
Stitches,Warrior,Tank,2016-01-08,0.4320926055283904
Stitches,Warrior,Tank,2016-01-09,0.44115180318702824
Stitches,Warrior,Tank,2016-01-10,0.43573136707851734
Stitches,Warrior,Tank,2016-01-11,0.444590555887627
Stitches,Warrior,Tank,2016-01-12,0.45520977699382636
Stitches,Warrior,Tank,2016-01-13,0.44853891905870186
Stitches,Warrior,Tank,2016-01-14,0.44616393442622954
Stitches,Warrior,Tank,2016-01-15,0.4422446750409612
Stitches,Warrior,Tank,2016-01-16,0.4398936170212766
Stitches,Warrior,Tank,2016-01-17,0.4586178639715925
Stitches,Warrior,Tank,2016-01-18,0.44222351911292673
Stitches,Warrior,Tank,2016-01-19,0.4383796261821431
Stitches,Warrior,Tank,2016-01-20,0.4658179165837809
Stitches,Warrior,Tank,2016-01-21,0.4730631589128542
Stitches,Warrior,Tank,2016-01-22,0.46691376866891965
Stitches,Warrior,Tank,2016-01-23,0.46709610027855153
Stitches,Warrior,Tank,2016-01-24,0.4660574412532637
Sylvanas,Specialist,Siege,2015-12-30,0.48707482993197276
Sylvanas,Specialist,Siege,2015-12-31,0.4832055678838007
Sylvanas,Specialist,Siege,2016-01-01,0.4873313957821
Sylvanas,Specialist,Siege,2016-01-02,0.4839452695269527
Sylvanas,Specialist,Siege,2016-01-03,0.4863725765664513
Sylvanas,Specialist,Siege,2016-01-04,0.48399472949930245
Sylvanas,Specialist,Siege,2016-01-05,0.47034457284576014
Sylvanas,Specialist,Siege,2016-01-06,0.4699354699354699
Sylvanas,Specialist,Siege,2016-01-07,0.47329444730371134
Sylvanas,Specialist,Siege,2016-01-08,0.4737068347900845
Sylvanas,Specialist,Siege,2016-01-09,0.47489534170599684
Sylvanas,Specialist,Siege,2016-01-10,0.4752146926281779
Sylvanas,Specialist,Siege,2016-01-11,0.47703035274815425
Sylvanas,Specialist,Siege,2016-01-12,0.48901156129569834
Sylvanas,Specialist,Siege,2016-01-13,0.486113393590797
Sylvanas,Specialist,Siege,2016-01-14,0.4953092614814007
Sylvanas,Specialist,Siege,2016-01-15,0.48719417865123477
Sylvanas,Specialist,Siege,2016-01-16,0.48709321566464425
Sylvanas,Specialist,Siege,2016-01-17,0.4834912270867201
Sylvanas,Specialist,Siege,2016-01-18,0.4834123222748815
Sylvanas,Specialist,Siege,2016-01-19,0.4914450279518889
Sylvanas,Specialist,Siege,2016-01-20,0.485882129998105
Sylvanas,Specialist,Siege,2016-01-21,0.48282486744025205
Sylvanas,Specialist,Siege,2016-01-22,0.4838954149298977
Sylvanas,Specialist,Siege,2016-01-23,0.4758967329220928
Sylvanas,Specialist,Siege,2016-01-24,0.4923130677847659
Tassadar,Support,Support,2015-12-30,0.4550147492625369
Tassadar,Support,Support,2015-12-31,0.4484593490904591
Tassadar,Support,Support,2016-01-01,0.4443885254151988
Tassadar,Support,Support,2016-01-02,0.4461640798226164
Tassadar,Support,Support,2016-01-03,0.4523307461079456
Tassadar,Support,Support,2016-01-04,0.45067300079176564
Tassadar,Support,Support,2016-01-05,0.4652265133265988
Tassadar,Support,Support,2016-01-06,0.46176516209089497
Tassadar,Support,Support,2016-01-07,0.45614591593973036
Tassadar,Support,Support,2016-01-08,0.46471613734556205
Tassadar,Support,Support,2016-01-09,0.45732380882244644
Tassadar,Support,Support,2016-01-10,0.4646720883384317
Tassadar,Support,Support,2016-01-11,0.4602272727272727
Tassadar,Support,Support,2016-01-12,0.45548489666136727
Tassadar,Support,Support,2016-01-13,0.4665086471775963
Tassadar,Support,Support,2016-01-14,0.4599095022624434
Tassadar,Support,Support,2016-01-15,0.4575028206092516
Tassadar,Support,Support,2016-01-16,0.4598139534883721
Tassadar,Support,Support,2016-01-17,0.45554789800137835
Tassadar,Support,Support,2016-01-18,0.46073992269464387
Tassadar,Support,Support,2016-01-19,0.4494288872512896
Tassadar,Support,Support,2016-01-20,0.4535502353181911
Tassadar,Support,Support,2016-01-21,0.4622714396085501
Tassadar,Support,Support,2016-01-22,0.4498246214389597
Tassadar,Support,Support,2016-01-23,0.454874283193648
Tassadar,Support,Support,2016-01-24,0.44976993865030673
The Butcher,Assassin,Ambusher,2015-12-30,0.5232432432432432
The Butcher,Assassin,Ambusher,2015-12-31,0.5331030512377662
The Butcher,Assassin,Ambusher,2016-01-01,0.5318791946308725
The Butcher,Assassin,Ambusher,2016-01-02,0.5308223641339763
The Butcher,Assassin,Ambusher,2016-01-03,0.5260295775581935
The Butcher,Assassin,Ambusher,2016-01-04,0.5295342381246144
The Butcher,Assassin,Ambusher,2016-01-05,0.537238988925522
The Butcher,Assassin,Ambusher,2016-01-06,0.5330348090571139
The Butcher,Assassin,Ambusher,2016-01-07,0.5239490006891798
The Butcher,Assassin,Ambusher,2016-01-08,0.5295659295659295
The Butcher,Assassin,Ambusher,2016-01-09,0.5390684266423912
The Butcher,Assassin,Ambusher,2016-01-10,0.5318304492776631
The Butcher,Assassin,Ambusher,2016-01-11,0.5313296423235785
The Butcher,Assassin,Ambusher,2016-01-12,0.5182066781807715
The Butcher,Assassin,Ambusher,2016-01-13,0.5172214182344428
The Butcher,Assassin,Ambusher,2016-01-14,0.5139328834412157
The Butcher,Assassin,Ambusher,2016-01-15,0.5155704307334109
The Butcher,Assassin,Ambusher,2016-01-16,0.5193709792709078
The Butcher,Assassin,Ambusher,2016-01-17,0.5141100584559565
The Butcher,Assassin,Ambusher,2016-01-18,0.5194772713061965
The Butcher,Assassin,Ambusher,2016-01-19,0.5365774533657746
The Butcher,Assassin,Ambusher,2016-01-20,0.5176743287618312
The Butcher,Assassin,Ambusher,2016-01-21,0.5235005538851084
The Butcher,Assassin,Ambusher,2016-01-22,0.5222188170395342
The Butcher,Assassin,Ambusher,2016-01-23,0.5331644060217618
The Butcher,Assassin,Ambusher,2016-01-24,0.5374517374517375
The Lost Vikings,Specialist,Utility,2015-12-30,0.5177664974619289
The Lost Vikings,Specialist,Utility,2015-12-31,0.5193558377206565
The Lost Vikings,Specialist,Utility,2016-01-01,0.527437530622244
The Lost Vikings,Specialist,Utility,2016-01-02,0.5284131101155388
The Lost Vikings,Specialist,Utility,2016-01-03,0.5184354758345789
The Lost Vikings,Specialist,Utility,2016-01-04,0.534697262925076
The Lost Vikings,Specialist,Utility,2016-01-05,0.522686567164179
The Lost Vikings,Specialist,Utility,2016-01-06,0.5369948776323278
The Lost Vikings,Specialist,Utility,2016-01-07,0.5419354838709678
The Lost Vikings,Specialist,Utility,2016-01-08,0.532745255279337
The Lost Vikings,Specialist,Utility,2016-01-09,0.5380549682875264
The Lost Vikings,Specialist,Utility,2016-01-10,0.5302175664786463
The Lost Vikings,Specialist,Utility,2016-01-11,0.5480769230769231
The Lost Vikings,Specialist,Utility,2016-01-12,0.5362694300518135
The Lost Vikings,Specialist,Utility,2016-01-13,0.536416983085951
The Lost Vikings,Specialist,Utility,2016-01-14,0.5353670801206839
The Lost Vikings,Specialist,Utility,2016-01-15,0.5160349854227405
The Lost Vikings,Specialist,Utility,2016-01-16,0.5183343691733996
The Lost Vikings,Specialist,Utility,2016-01-17,0.511139812721989
The Lost Vikings,Specialist,Utility,2016-01-18,0.5324540090246442
The Lost Vikings,Specialist,Utility,2016-01-19,0.5471777590564448
The Lost Vikings,Specialist,Utility,2016-01-20,0.5444242973708069
The Lost Vikings,Specialist,Utility,2016-01-21,0.540912667191188
The Lost Vikings,Specialist,Utility,2016-01-22,0.5202000769526741
The Lost Vikings,Specialist,Utility,2016-01-23,0.5519557487159226
The Lost Vikings,Specialist,Utility,2016-01-24,0.4897959183673469
Thrall,Assassin,Sustained Damage,2015-12-30,0.5542671614100185
Thrall,Assassin,Sustained Damage,2015-12-31,0.5543432898110058
Thrall,Assassin,Sustained Damage,2016-01-01,0.5568191721132898
Thrall,Assassin,Sustained Damage,2016-01-02,0.5521378279510679
Thrall,Assassin,Sustained Damage,2016-01-03,0.5576815753806904
Thrall,Assassin,Sustained Damage,2016-01-04,0.5605048895015724
Thrall,Assassin,Sustained Damage,2016-01-05,0.5472987818275029
Thrall,Assassin,Sustained Damage,2016-01-06,0.5503070263740688
Thrall,Assassin,Sustained Damage,2016-01-07,0.5467837037432299
Thrall,Assassin,Sustained Damage,2016-01-08,0.5486632701297337
Thrall,Assassin,Sustained Damage,2016-01-09,0.5471071100860551
Thrall,Assassin,Sustained Damage,2016-01-10,0.5494372884913036
Thrall,Assassin,Sustained Damage,2016-01-11,0.5444885011895321
Thrall,Assassin,Sustained Damage,2016-01-12,0.5601291364003228
Thrall,Assassin,Sustained Damage,2016-01-13,0.5670224649373216
Thrall,Assassin,Sustained Damage,2016-01-14,0.566038900895338
Thrall,Assassin,Sustained Damage,2016-01-15,0.5655727237900652
Thrall,Assassin,Sustained Damage,2016-01-16,0.5564828253507499
Thrall,Assassin,Sustained Damage,2016-01-17,0.5568557774782502
Thrall,Assassin,Sustained Damage,2016-01-18,0.5605717520520804
Thrall,Assassin,Sustained Damage,2016-01-19,0.5631994733377221
Thrall,Assassin,Sustained Damage,2016-01-20,0.5636397469296613
Thrall,Assassin,Sustained Damage,2016-01-21,0.5572221388930554
Thrall,Assassin,Sustained Damage,2016-01-22,0.5597048980833587
Thrall,Assassin,Sustained Damage,2016-01-23,0.5596421471172962
Thrall,Assassin,Sustained Damage,2016-01-24,0.5562398703403566
Tychus,Assassin,Sustained Damage,2015-12-30,0.4650909090909091
Tychus,Assassin,Sustained Damage,2015-12-31,0.4794847328244275
Tychus,Assassin,Sustained Damage,2016-01-01,0.47704998942395827
Tychus,Assassin,Sustained Damage,2016-01-02,0.4729603418346909
Tychus,Assassin,Sustained Damage,2016-01-03,0.47054421768707483
Tychus,Assassin,Sustained Damage,2016-01-04,0.4716623191842542
Tychus,Assassin,Sustained Damage,2016-01-05,0.48138178555406014
Tychus,Assassin,Sustained Damage,2016-01-06,0.4741825195055668
Tychus,Assassin,Sustained Damage,2016-01-07,0.48021550962727433
Tychus,Assassin,Sustained Damage,2016-01-08,0.47029619656681254
Tychus,Assassin,Sustained Damage,2016-01-09,0.4669266770670827
Tychus,Assassin,Sustained Damage,2016-01-10,0.46905407561014517
Tychus,Assassin,Sustained Damage,2016-01-11,0.4643154679255762
Tychus,Assassin,Sustained Damage,2016-01-12,0.4567565936387229
Tychus,Assassin,Sustained Damage,2016-01-13,0.4636406365406567
Tychus,Assassin,Sustained Damage,2016-01-14,0.46052819414703783
Tychus,Assassin,Sustained Damage,2016-01-15,0.4657052924383281
Tychus,Assassin,Sustained Damage,2016-01-16,0.4613296206056387
Tychus,Assassin,Sustained Damage,2016-01-17,0.467684816290394
Tychus,Assassin,Sustained Damage,2016-01-18,0.4624897699372556
Tychus,Assassin,Sustained Damage,2016-01-19,0.4755267423014587
Tychus,Assassin,Sustained Damage,2016-01-20,0.4785063752276867
Tychus,Assassin,Sustained Damage,2016-01-21,0.4851365625471556
Tychus,Assassin,Sustained Damage,2016-01-22,0.4693543588217792
Tychus,Assassin,Sustained Damage,2016-01-23,0.4732360097323601
Tychus,Assassin,Sustained Damage,2016-01-24,0.4993252361673414
Tyrael,Warrior,Bruiser,2015-12-30,0.48279252704031467
Tyrael,Warrior,Bruiser,2015-12-31,0.4798886921325575
Tyrael,Warrior,Bruiser,2016-01-01,0.45994488263803096
Tyrael,Warrior,Bruiser,2016-01-02,0.4636748368894375
Tyrael,Warrior,Bruiser,2016-01-03,0.46884512085944496
Tyrael,Warrior,Bruiser,2016-01-04,0.4732313575525813
Tyrael,Warrior,Bruiser,2016-01-05,0.4707292023279699
Tyrael,Warrior,Bruiser,2016-01-06,0.4573576799140709
Tyrael,Warrior,Bruiser,2016-01-07,0.4651063375013359
Tyrael,Warrior,Bruiser,2016-01-08,0.47253296044746307
Tyrael,Warrior,Bruiser,2016-01-09,0.46828132277596646
Tyrael,Warrior,Bruiser,2016-01-10,0.46279776492500735
Tyrael,Warrior,Bruiser,2016-01-11,0.4777636594663278
Tyrael,Warrior,Bruiser,2016-01-12,0.47024901703800787
Tyrael,Warrior,Bruiser,2016-01-13,0.47106307292379257
Tyrael,Warrior,Bruiser,2016-01-14,0.4693000134354427
Tyrael,Warrior,Bruiser,2016-01-15,0.4682606263982103
Tyrael,Warrior,Bruiser,2016-01-16,0.47098065376917947
Tyrael,Warrior,Bruiser,2016-01-17,0.4687901728324525
Tyrael,Warrior,Bruiser,2016-01-18,0.4695940347970174
Tyrael,Warrior,Bruiser,2016-01-19,0.46543597800471326
Tyrael,Warrior,Bruiser,2016-01-20,0.47562875584242154
Tyrael,Warrior,Bruiser,2016-01-21,0.46408839779005523
Tyrael,Warrior,Bruiser,2016-01-22,0.4652701212789416
Tyrael,Warrior,Bruiser,2016-01-23,0.47106976744186047
Tyrael,Warrior,Bruiser,2016-01-24,0.4683648315529992
Tyrande,Support,Healer,2015-12-30,0.5565065779045808
Tyrande,Support,Healer,2015-12-31,0.560183693200129
Tyrande,Support,Healer,2016-01-01,0.5585660198769522
Tyrande,Support,Healer,2016-01-02,0.5557828439157
Tyrande,Support,Healer,2016-01-03,0.558197100345456
Tyrande,Support,Healer,2016-01-04,0.5556718807734943
Tyrande,Support,Healer,2016-01-05,0.5404651811232195
Tyrande,Support,Healer,2016-01-06,0.5464320399574527
Tyrande,Support,Healer,2016-01-07,0.5427591626777166
Tyrande,Support,Healer,2016-01-08,0.5453241404840128
Tyrande,Support,Healer,2016-01-09,0.5433816056910569
Tyrande,Support,Healer,2016-01-10,0.5461173091792776
Tyrande,Support,Healer,2016-01-11,0.5510380170475344
Tyrande,Support,Healer,2016-01-12,0.5651337115072933
Tyrande,Support,Healer,2016-01-13,0.5680714838528108
Tyrande,Support,Healer,2016-01-14,0.5642245480494766
Tyrande,Support,Healer,2016-01-15,0.5659523201051441
Tyrande,Support,Healer,2016-01-16,0.565426128399215
Tyrande,Support,Healer,2016-01-17,0.568787835110983
Tyrande,Support,Healer,2016-01-18,0.5678516972955622
Tyrande,Support,Healer,2016-01-19,0.5716074352306655
Tyrande,Support,Healer,2016-01-20,0.5550666253486211
Tyrande,Support,Healer,2016-01-21,0.5237274106773349
Tyrande,Support,Healer,2016-01-22,0.5225649913344887
Tyrande,Support,Healer,2016-01-23,0.5163990668313435
Tyrande,Support,Healer,2016-01-24,0.530796048808832
Uther,Support,Healer,2015-12-30,0.4652631578947368
Uther,Support,Healer,2015-12-31,0.4686509428893784
Uther,Support,Healer,2016-01-01,0.47650663942798777
Uther,Support,Healer,2016-01-02,0.47177812804923813
Uther,Support,Healer,2016-01-03,0.473532504966307
Uther,Support,Healer,2016-01-04,0.4729599116306899
Uther,Support,Healer,2016-01-05,0.4791636416436765
Uther,Support,Healer,2016-01-06,0.4733710423859546
Uther,Support,Healer,2016-01-07,0.4694533762057878
Uther,Support,Healer,2016-01-08,0.46870283866331297
Uther,Support,Healer,2016-01-09,0.4660583437024748
Uther,Support,Healer,2016-01-10,0.46639833249478907
Uther,Support,Healer,2016-01-11,0.4690235970983073
Uther,Support,Healer,2016-01-12,0.480276134122288
Uther,Support,Healer,2016-01-13,0.46576720020112294
Uther,Support,Healer,2016-01-14,0.4760644894584539
Uther,Support,Healer,2016-01-15,0.46954692840241874
Uther,Support,Healer,2016-01-16,0.46822541966426856
Uther,Support,Healer,2016-01-17,0.4655218435803897
Uther,Support,Healer,2016-01-18,0.47065405350422135
Uther,Support,Healer,2016-01-19,0.4603617822022581
Uther,Support,Healer,2016-01-20,0.4632435465768799
Uther,Support,Healer,2016-01-21,0.47603868982193887
Uther,Support,Healer,2016-01-22,0.4817045961624275
Uther,Support,Healer,2016-01-23,0.47622950819672133
Uther,Support,Healer,2016-01-24,0.46398410332836565
Valla,Assassin,Sustained Damage,2015-12-30,0.4810261080752884
Valla,Assassin,Sustained Damage,2015-12-31,0.48437009110901663
Valla,Assassin,Sustained Damage,2016-01-01,0.48892319126432837
Valla,Assassin,Sustained Damage,2016-01-02,0.48538644157214456
Valla,Assassin,Sustained Damage,2016-01-03,0.4814619063978225
Valla,Assassin,Sustained Damage,2016-01-04,0.48010858373116166
Valla,Assassin,Sustained Damage,2016-01-05,0.4799793956043956
Valla,Assassin,Sustained Damage,2016-01-06,0.48198046480296397
Valla,Assassin,Sustained Damage,2016-01-07,0.4858321683090667
Valla,Assassin,Sustained Damage,2016-01-08,0.4843673589150067
Valla,Assassin,Sustained Damage,2016-01-09,0.479743053480729
Valla,Assassin,Sustained Damage,2016-01-10,0.479214000614062
Valla,Assassin,Sustained Damage,2016-01-11,0.48066996354185465
Valla,Assassin,Sustained Damage,2016-01-12,0.48718782753261775
Valla,Assassin,Sustained Damage,2016-01-13,0.4865409474564672
Valla,Assassin,Sustained Damage,2016-01-14,0.4882561193802581
Valla,Assassin,Sustained Damage,2016-01-15,0.49014778325123154
Valla,Assassin,Sustained Damage,2016-01-16,0.4828296956089661
Valla,Assassin,Sustained Damage,2016-01-17,0.483879472693032
Valla,Assassin,Sustained Damage,2016-01-18,0.48196531276472426
Valla,Assassin,Sustained Damage,2016-01-19,0.48027050867391946
Valla,Assassin,Sustained Damage,2016-01-20,0.4831874712114233
Valla,Assassin,Sustained Damage,2016-01-21,0.47651193929926355
Valla,Assassin,Sustained Damage,2016-01-22,0.4840684265180084
Valla,Assassin,Sustained Damage,2016-01-23,0.4914013092200155
Valla,Assassin,Sustained Damage,2016-01-24,0.48185384992643454
Zagara,Specialist,Siege,2015-12-30,0.5431744894303118
Zagara,Specialist,Siege,2015-12-31,0.5390751030650655
Zagara,Specialist,Siege,2016-01-01,0.5387865583944015
Zagara,Specialist,Siege,2016-01-02,0.5409280422328204
Zagara,Specialist,Siege,2016-01-03,0.53668794819813
Zagara,Specialist,Siege,2016-01-04,0.5364058469475494
Zagara,Specialist,Siege,2016-01-05,0.5354879359549313
Zagara,Specialist,Siege,2016-01-06,0.5383769518363757
Zagara,Specialist,Siege,2016-01-07,0.5367303450596284
Zagara,Specialist,Siege,2016-01-08,0.540962288686606
Zagara,Specialist,Siege,2016-01-09,0.533637697700962
Zagara,Specialist,Siege,2016-01-10,0.5332024218622157
Zagara,Specialist,Siege,2016-01-11,0.5341555614952843
Zagara,Specialist,Siege,2016-01-12,0.5383667049270926
Zagara,Specialist,Siege,2016-01-13,0.5462495224349451
Zagara,Specialist,Siege,2016-01-14,0.5419733067232132
Zagara,Specialist,Siege,2016-01-15,0.5396675400541214
Zagara,Specialist,Siege,2016-01-16,0.5381827168630036
Zagara,Specialist,Siege,2016-01-17,0.5431191899070386
Zagara,Specialist,Siege,2016-01-18,0.538381791621507
Zagara,Specialist,Siege,2016-01-19,0.5227701543739279
Zagara,Specialist,Siege,2016-01-20,0.5311585512113216
Zagara,Specialist,Siege,2016-01-21,0.5283798151631635
Zagara,Specialist,Siege,2016-01-22,0.528887245233399
Zagara,Specialist,Siege,2016-01-23,0.5314665245377393
Zagara,Specialist,Siege,2016-01-24,0.5344733490995088
Zeratul,Assassin,Ambusher,2015-12-30,0.46410419313850065
Zeratul,Assassin,Ambusher,2015-12-31,0.4664080682699767
Zeratul,Assassin,Ambusher,2016-01-01,0.46653694203667667
Zeratul,Assassin,Ambusher,2016-01-02,0.4654115115653577
Zeratul,Assassin,Ambusher,2016-01-03,0.46047441808788403
Zeratul,Assassin,Ambusher,2016-01-04,0.4658074697527617
Zeratul,Assassin,Ambusher,2016-01-05,0.4562950003364511
Zeratul,Assassin,Ambusher,2016-01-06,0.4545277507302824
Zeratul,Assassin,Ambusher,2016-01-07,0.4633006077606358
Zeratul,Assassin,Ambusher,2016-01-08,0.4625673657554704
Zeratul,Assassin,Ambusher,2016-01-09,0.452982202982203
Zeratul,Assassin,Ambusher,2016-01-10,0.47124047124047125
Zeratul,Assassin,Ambusher,2016-01-11,0.4589096231247713
Zeratul,Assassin,Ambusher,2016-01-12,0.4514463656477915
Zeratul,Assassin,Ambusher,2016-01-13,0.4510412051395658
Zeratul,Assassin,Ambusher,2016-01-14,0.4630738522954092
Zeratul,Assassin,Ambusher,2016-01-15,0.4630172098132552
Zeratul,Assassin,Ambusher,2016-01-16,0.45849121598346537
Zeratul,Assassin,Ambusher,2016-01-17,0.4587172376777887
Zeratul,Assassin,Ambusher,2016-01-18,0.45339602925809824
Zeratul,Assassin,Ambusher,2016-01-19,0.4603577318279843
Zeratul,Assassin,Ambusher,2016-01-20,0.4685117198531488
Zeratul,Assassin,Ambusher,2016-01-21,0.46260454002389484
Zeratul,Assassin,Ambusher,2016-01-22,0.466597914518162
Zeratul,Assassin,Ambusher,2016-01-23,0.46178880035910674
Zeratul,Assassin,Ambusher,2016-01-24,0.47231584015406836
