PrimaryName,Group,Difficulty,Game Date,0
Abathur,Specialist,Very Hard,2015-12-30,3931
Abathur,Specialist,Very Hard,2015-12-31,16466
Abathur,Specialist,Very Hard,2016-01-01,21382
Abathur,Specialist,Very Hard,2016-01-02,23220
Abathur,Specialist,Very Hard,2016-01-03,22901
Abathur,Specialist,Very Hard,2016-01-04,19786
Abathur,Specialist,Very Hard,2016-01-05,18089
Abathur,Specialist,Very Hard,2016-01-06,18356
Abathur,Specialist,Very Hard,2016-01-07,18848
Abathur,Specialist,Very Hard,2016-01-08,19636
Abathur,Specialist,Very Hard,2016-01-09,20707
Abathur,Specialist,Very Hard,2016-01-10,19683
Abathur,Specialist,Very Hard,2016-01-11,17226
Abathur,Specialist,Very Hard,2016-01-12,17210
Abathur,Specialist,Very Hard,2016-01-13,16918
Abathur,Specialist,Very Hard,2016-01-14,16120
Abathur,Specialist,Very Hard,2016-01-15,15788
Abathur,Specialist,Very Hard,2016-01-16,16576
Abathur,Specialist,Very Hard,2016-01-17,15996
Abathur,Specialist,Very Hard,2016-01-18,13531
Abathur,Specialist,Very Hard,2016-01-19,11138
Abathur,Specialist,Very Hard,2016-01-20,10024
Abathur,Specialist,Very Hard,2016-01-21,11952
Abathur,Specialist,Very Hard,2016-01-22,12154
Abathur,Specialist,Very Hard,2016-01-23,11983
Abathur,Specialist,Very Hard,2016-01-24,2692
Anub'arak,Warrior,Medium,2015-12-30,1252
Anub'arak,Warrior,Medium,2015-12-31,5105
Anub'arak,Warrior,Medium,2016-01-01,6997
Anub'arak,Warrior,Medium,2016-01-02,7730
Anub'arak,Warrior,Medium,2016-01-03,7491
Anub'arak,Warrior,Medium,2016-01-04,6866
Anub'arak,Warrior,Medium,2016-01-05,13454
Anub'arak,Warrior,Medium,2016-01-06,12995
Anub'arak,Warrior,Medium,2016-01-07,12101
Anub'arak,Warrior,Medium,2016-01-08,12060
Anub'arak,Warrior,Medium,2016-01-09,12749
Anub'arak,Warrior,Medium,2016-01-10,11963
Anub'arak,Warrior,Medium,2016-01-11,9495
Anub'arak,Warrior,Medium,2016-01-12,4785
Anub'arak,Warrior,Medium,2016-01-13,4710
Anub'arak,Warrior,Medium,2016-01-14,4651
Anub'arak,Warrior,Medium,2016-01-15,4541
Anub'arak,Warrior,Medium,2016-01-16,4758
Anub'arak,Warrior,Medium,2016-01-17,4756
Anub'arak,Warrior,Medium,2016-01-18,3938
Anub'arak,Warrior,Medium,2016-01-19,3245
Anub'arak,Warrior,Medium,2016-01-20,2871
Anub'arak,Warrior,Medium,2016-01-21,3422
Anub'arak,Warrior,Medium,2016-01-22,3654
Anub'arak,Warrior,Medium,2016-01-23,3481
Anub'arak,Warrior,Medium,2016-01-24,807
Artanis,Warrior,Medium,2015-12-30,4591
Artanis,Warrior,Medium,2015-12-31,17474
Artanis,Warrior,Medium,2016-01-01,23308
Artanis,Warrior,Medium,2016-01-02,24647
Artanis,Warrior,Medium,2016-01-03,24095
Artanis,Warrior,Medium,2016-01-04,20539
Artanis,Warrior,Medium,2016-01-05,19092
Artanis,Warrior,Medium,2016-01-06,19325
Artanis,Warrior,Medium,2016-01-07,18949
Artanis,Warrior,Medium,2016-01-08,19438
Artanis,Warrior,Medium,2016-01-09,20685
Artanis,Warrior,Medium,2016-01-10,19893
Artanis,Warrior,Medium,2016-01-11,18170
Artanis,Warrior,Medium,2016-01-12,45700
Artanis,Warrior,Medium,2016-01-13,38762
Artanis,Warrior,Medium,2016-01-14,32988
Artanis,Warrior,Medium,2016-01-15,30484
Artanis,Warrior,Medium,2016-01-16,30226
Artanis,Warrior,Medium,2016-01-17,27943
Artanis,Warrior,Medium,2016-01-18,22705
Artanis,Warrior,Medium,2016-01-19,9868
Artanis,Warrior,Medium,2016-01-20,8488
Artanis,Warrior,Medium,2016-01-21,10642
Artanis,Warrior,Medium,2016-01-22,11102
Artanis,Warrior,Medium,2016-01-23,10888
Artanis,Warrior,Medium,2016-01-24,2392
Arthas,Warrior,Medium,2015-12-30,1544
Arthas,Warrior,Medium,2015-12-31,5826
Arthas,Warrior,Medium,2016-01-01,7699
Arthas,Warrior,Medium,2016-01-02,8116
Arthas,Warrior,Medium,2016-01-03,7797
Arthas,Warrior,Medium,2016-01-04,6774
Arthas,Warrior,Medium,2016-01-05,6204
Arthas,Warrior,Medium,2016-01-06,6451
Arthas,Warrior,Medium,2016-01-07,6009
Arthas,Warrior,Medium,2016-01-08,6460
Arthas,Warrior,Medium,2016-01-09,6782
Arthas,Warrior,Medium,2016-01-10,6707
Arthas,Warrior,Medium,2016-01-11,6196
Arthas,Warrior,Medium,2016-01-12,14461
Arthas,Warrior,Medium,2016-01-13,12845
Arthas,Warrior,Medium,2016-01-14,12007
Arthas,Warrior,Medium,2016-01-15,11174
Arthas,Warrior,Medium,2016-01-16,11218
Arthas,Warrior,Medium,2016-01-17,10390
Arthas,Warrior,Medium,2016-01-18,8764
Arthas,Warrior,Medium,2016-01-19,3389
Arthas,Warrior,Medium,2016-01-20,2972
Arthas,Warrior,Medium,2016-01-21,3610
Arthas,Warrior,Medium,2016-01-22,3866
Arthas,Warrior,Medium,2016-01-23,3963
Arthas,Warrior,Medium,2016-01-24,873
Azmodan,Specialist,Easy,2015-12-30,1792
Azmodan,Specialist,Easy,2015-12-31,6565
Azmodan,Specialist,Easy,2016-01-01,9152
Azmodan,Specialist,Easy,2016-01-02,9595
Azmodan,Specialist,Easy,2016-01-03,9347
Azmodan,Specialist,Easy,2016-01-04,9218
Azmodan,Specialist,Easy,2016-01-05,24400
Azmodan,Specialist,Easy,2016-01-06,23060
Azmodan,Specialist,Easy,2016-01-07,21661
Azmodan,Specialist,Easy,2016-01-08,21957
Azmodan,Specialist,Easy,2016-01-09,22803
Azmodan,Specialist,Easy,2016-01-10,22030
Azmodan,Specialist,Easy,2016-01-11,18278
Azmodan,Specialist,Easy,2016-01-12,6943
Azmodan,Specialist,Easy,2016-01-13,6510
Azmodan,Specialist,Easy,2016-01-14,6254
Azmodan,Specialist,Easy,2016-01-15,6395
Azmodan,Specialist,Easy,2016-01-16,6618
Azmodan,Specialist,Easy,2016-01-17,6357
Azmodan,Specialist,Easy,2016-01-18,5401
Azmodan,Specialist,Easy,2016-01-19,4550
Azmodan,Specialist,Easy,2016-01-20,4252
Azmodan,Specialist,Easy,2016-01-21,4969
Azmodan,Specialist,Easy,2016-01-22,5198
Azmodan,Specialist,Easy,2016-01-23,4913
Azmodan,Specialist,Easy,2016-01-24,1123
Brightwing,Support,Hard,2015-12-30,1267
Brightwing,Support,Hard,2015-12-31,4553
Brightwing,Support,Hard,2016-01-01,6076
Brightwing,Support,Hard,2016-01-02,6926
Brightwing,Support,Hard,2016-01-03,6679
Brightwing,Support,Hard,2016-01-04,5644
Brightwing,Support,Hard,2016-01-05,5245
Brightwing,Support,Hard,2016-01-06,5468
Brightwing,Support,Hard,2016-01-07,5179
Brightwing,Support,Hard,2016-01-08,5512
Brightwing,Support,Hard,2016-01-09,5903
Brightwing,Support,Hard,2016-01-10,5624
Brightwing,Support,Hard,2016-01-11,5532
Brightwing,Support,Hard,2016-01-12,15228
Brightwing,Support,Hard,2016-01-13,13715
Brightwing,Support,Hard,2016-01-14,12464
Brightwing,Support,Hard,2016-01-15,11194
Brightwing,Support,Hard,2016-01-16,11616
Brightwing,Support,Hard,2016-01-17,10779
Brightwing,Support,Hard,2016-01-18,8800
Brightwing,Support,Hard,2016-01-19,3295
Brightwing,Support,Hard,2016-01-20,5230
Brightwing,Support,Hard,2016-01-21,7962
Brightwing,Support,Hard,2016-01-22,6534
Brightwing,Support,Hard,2016-01-23,5776
Brightwing,Support,Hard,2016-01-24,1214
Chen,Warrior,Hard,2015-12-30,1363
Chen,Warrior,Hard,2015-12-31,5154
Chen,Warrior,Hard,2016-01-01,6574
Chen,Warrior,Hard,2016-01-02,7043
Chen,Warrior,Hard,2016-01-03,6892
Chen,Warrior,Hard,2016-01-04,5966
Chen,Warrior,Hard,2016-01-05,5479
Chen,Warrior,Hard,2016-01-06,5728
Chen,Warrior,Hard,2016-01-07,5785
Chen,Warrior,Hard,2016-01-08,5748
Chen,Warrior,Hard,2016-01-09,6168
Chen,Warrior,Hard,2016-01-10,5707
Chen,Warrior,Hard,2016-01-11,5135
Chen,Warrior,Hard,2016-01-12,4713
Chen,Warrior,Hard,2016-01-13,4586
Chen,Warrior,Hard,2016-01-14,4372
Chen,Warrior,Hard,2016-01-15,4424
Chen,Warrior,Hard,2016-01-16,4583
Chen,Warrior,Hard,2016-01-17,4576
Chen,Warrior,Hard,2016-01-18,3906
Chen,Warrior,Hard,2016-01-19,3234
Chen,Warrior,Hard,2016-01-20,2831
Chen,Warrior,Hard,2016-01-21,3579
Chen,Warrior,Hard,2016-01-22,3637
Chen,Warrior,Hard,2016-01-23,3543
Chen,Warrior,Hard,2016-01-24,835
Cho,Warrior,Medium,2015-12-30,2242
Cho,Warrior,Medium,2015-12-31,7682
Cho,Warrior,Medium,2016-01-01,11528
Cho,Warrior,Medium,2016-01-02,12201
Cho,Warrior,Medium,2016-01-03,11205
Cho,Warrior,Medium,2016-01-04,9429
Cho,Warrior,Medium,2016-01-05,8394
Cho,Warrior,Medium,2016-01-06,8573
Cho,Warrior,Medium,2016-01-07,8413
Cho,Warrior,Medium,2016-01-08,9687
Cho,Warrior,Medium,2016-01-09,10920
Cho,Warrior,Medium,2016-01-10,10145
Cho,Warrior,Medium,2016-01-11,8189
Cho,Warrior,Medium,2016-01-12,6581
Cho,Warrior,Medium,2016-01-13,5273
Cho,Warrior,Medium,2016-01-14,5399
Cho,Warrior,Medium,2016-01-15,5541
Cho,Warrior,Medium,2016-01-16,5868
Cho,Warrior,Medium,2016-01-17,5467
Cho,Warrior,Medium,2016-01-18,4158
Cho,Warrior,Medium,2016-01-19,3350
Cho,Warrior,Medium,2016-01-20,2844
Cho,Warrior,Medium,2016-01-21,3668
Cho,Warrior,Medium,2016-01-22,4062
Cho,Warrior,Medium,2016-01-23,4100
Cho,Warrior,Medium,2016-01-24,752
Diablo,Warrior,Medium,2015-12-30,5585
Diablo,Warrior,Medium,2015-12-31,20992
Diablo,Warrior,Medium,2016-01-01,28908
Diablo,Warrior,Medium,2016-01-02,32062
Diablo,Warrior,Medium,2016-01-03,31877
Diablo,Warrior,Medium,2016-01-04,27512
Diablo,Warrior,Medium,2016-01-05,25719
Diablo,Warrior,Medium,2016-01-06,26068
Diablo,Warrior,Medium,2016-01-07,26088
Diablo,Warrior,Medium,2016-01-08,27618
Diablo,Warrior,Medium,2016-01-09,30346
Diablo,Warrior,Medium,2016-01-10,30151
Diablo,Warrior,Medium,2016-01-11,26072
Diablo,Warrior,Medium,2016-01-12,33402
Diablo,Warrior,Medium,2016-01-13,31951
Diablo,Warrior,Medium,2016-01-14,31505
Diablo,Warrior,Medium,2016-01-15,29940
Diablo,Warrior,Medium,2016-01-16,31248
Diablo,Warrior,Medium,2016-01-17,30169
Diablo,Warrior,Medium,2016-01-18,25747
Diablo,Warrior,Medium,2016-01-19,17813
Diablo,Warrior,Medium,2016-01-20,15424
Diablo,Warrior,Medium,2016-01-21,17517
Diablo,Warrior,Medium,2016-01-22,17720
Diablo,Warrior,Medium,2016-01-23,17666
Diablo,Warrior,Medium,2016-01-24,3791
E.T.C.,Warrior,Medium,2015-12-30,4163
E.T.C.,Warrior,Medium,2015-12-31,16755
E.T.C.,Warrior,Medium,2016-01-01,22886
E.T.C.,Warrior,Medium,2016-01-02,24472
E.T.C.,Warrior,Medium,2016-01-03,23908
E.T.C.,Warrior,Medium,2016-01-04,20777
E.T.C.,Warrior,Medium,2016-01-05,15647
E.T.C.,Warrior,Medium,2016-01-06,16160
E.T.C.,Warrior,Medium,2016-01-07,16561
E.T.C.,Warrior,Medium,2016-01-08,16952
E.T.C.,Warrior,Medium,2016-01-09,17914
E.T.C.,Warrior,Medium,2016-01-10,16932
E.T.C.,Warrior,Medium,2016-01-11,14701
E.T.C.,Warrior,Medium,2016-01-12,13539
E.T.C.,Warrior,Medium,2016-01-13,13653
E.T.C.,Warrior,Medium,2016-01-14,13806
E.T.C.,Warrior,Medium,2016-01-15,13248
E.T.C.,Warrior,Medium,2016-01-16,13810
E.T.C.,Warrior,Medium,2016-01-17,13359
E.T.C.,Warrior,Medium,2016-01-18,11583
E.T.C.,Warrior,Medium,2016-01-19,11605
E.T.C.,Warrior,Medium,2016-01-20,10210
E.T.C.,Warrior,Medium,2016-01-21,12346
E.T.C.,Warrior,Medium,2016-01-22,12055
E.T.C.,Warrior,Medium,2016-01-23,12109
E.T.C.,Warrior,Medium,2016-01-24,2638
Falstad,Assassin,Hard,2015-12-30,5106
Falstad,Assassin,Hard,2015-12-31,20498
Falstad,Assassin,Hard,2016-01-01,26617
Falstad,Assassin,Hard,2016-01-02,27538
Falstad,Assassin,Hard,2016-01-03,26681
Falstad,Assassin,Hard,2016-01-04,22899
Falstad,Assassin,Hard,2016-01-05,12822
Falstad,Assassin,Hard,2016-01-06,12868
Falstad,Assassin,Hard,2016-01-07,12577
Falstad,Assassin,Hard,2016-01-08,13187
Falstad,Assassin,Hard,2016-01-09,13925
Falstad,Assassin,Hard,2016-01-10,14059
Falstad,Assassin,Hard,2016-01-11,12394
Falstad,Assassin,Hard,2016-01-12,10898
Falstad,Assassin,Hard,2016-01-13,10049
Falstad,Assassin,Hard,2016-01-14,10245
Falstad,Assassin,Hard,2016-01-15,10029
Falstad,Assassin,Hard,2016-01-16,10592
Falstad,Assassin,Hard,2016-01-17,10276
Falstad,Assassin,Hard,2016-01-18,9354
Falstad,Assassin,Hard,2016-01-19,13828
Falstad,Assassin,Hard,2016-01-20,12265
Falstad,Assassin,Hard,2016-01-21,14041
Falstad,Assassin,Hard,2016-01-22,13643
Falstad,Assassin,Hard,2016-01-23,13630
Falstad,Assassin,Hard,2016-01-24,2965
Gall,Assassin,Easy,2015-12-30,2242
Gall,Assassin,Easy,2015-12-31,7682
Gall,Assassin,Easy,2016-01-01,11528
Gall,Assassin,Easy,2016-01-02,12201
Gall,Assassin,Easy,2016-01-03,11205
Gall,Assassin,Easy,2016-01-04,9429
Gall,Assassin,Easy,2016-01-05,8394
Gall,Assassin,Easy,2016-01-06,8573
Gall,Assassin,Easy,2016-01-07,8413
Gall,Assassin,Easy,2016-01-08,9687
Gall,Assassin,Easy,2016-01-09,10920
Gall,Assassin,Easy,2016-01-10,10145
Gall,Assassin,Easy,2016-01-11,8189
Gall,Assassin,Easy,2016-01-12,6581
Gall,Assassin,Easy,2016-01-13,5273
Gall,Assassin,Easy,2016-01-14,5399
Gall,Assassin,Easy,2016-01-15,5541
Gall,Assassin,Easy,2016-01-16,5868
Gall,Assassin,Easy,2016-01-17,5467
Gall,Assassin,Easy,2016-01-18,4158
Gall,Assassin,Easy,2016-01-19,3350
Gall,Assassin,Easy,2016-01-20,2844
Gall,Assassin,Easy,2016-01-21,3668
Gall,Assassin,Easy,2016-01-22,4062
Gall,Assassin,Easy,2016-01-23,4100
Gall,Assassin,Easy,2016-01-24,752
Gazlowe,Specialist,Medium,2015-12-30,3486
Gazlowe,Specialist,Medium,2015-12-31,14000
Gazlowe,Specialist,Medium,2016-01-01,18331
Gazlowe,Specialist,Medium,2016-01-02,18380
Gazlowe,Specialist,Medium,2016-01-03,18337
Gazlowe,Specialist,Medium,2016-01-04,15376
Gazlowe,Specialist,Medium,2016-01-05,8977
Gazlowe,Specialist,Medium,2016-01-06,9234
Gazlowe,Specialist,Medium,2016-01-07,8938
Gazlowe,Specialist,Medium,2016-01-08,8992
Gazlowe,Specialist,Medium,2016-01-09,9812
Gazlowe,Specialist,Medium,2016-01-10,9891
Gazlowe,Specialist,Medium,2016-01-11,8143
Gazlowe,Specialist,Medium,2016-01-12,7762
Gazlowe,Specialist,Medium,2016-01-13,7490
Gazlowe,Specialist,Medium,2016-01-14,7317
Gazlowe,Specialist,Medium,2016-01-15,7327
Gazlowe,Specialist,Medium,2016-01-16,7679
Gazlowe,Specialist,Medium,2016-01-17,7658
Gazlowe,Specialist,Medium,2016-01-18,6375
Gazlowe,Specialist,Medium,2016-01-19,5248
Gazlowe,Specialist,Medium,2016-01-20,4751
Gazlowe,Specialist,Medium,2016-01-21,5732
Gazlowe,Specialist,Medium,2016-01-22,5895
Gazlowe,Specialist,Medium,2016-01-23,5654
Gazlowe,Specialist,Medium,2016-01-24,1301
Greymane,Assassin,Hard,2016-01-07,6
Greymane,Assassin,Hard,2016-01-10,2
Greymane,Assassin,Hard,2016-01-11,34
Greymane,Assassin,Hard,2016-01-12,70176
Greymane,Assassin,Hard,2016-01-13,97039
Greymane,Assassin,Hard,2016-01-14,69533
Greymane,Assassin,Hard,2016-01-15,52329
Greymane,Assassin,Hard,2016-01-16,45363
Greymane,Assassin,Hard,2016-01-17,37314
Greymane,Assassin,Hard,2016-01-18,28339
Greymane,Assassin,Hard,2016-01-19,21167
Greymane,Assassin,Hard,2016-01-20,16830
Greymane,Assassin,Hard,2016-01-21,18562
Greymane,Assassin,Hard,2016-01-22,17558
Greymane,Assassin,Hard,2016-01-23,15810
Greymane,Assassin,Hard,2016-01-24,3251
Illidan,Assassin,Very Hard,2015-12-30,4002
Illidan,Assassin,Very Hard,2015-12-31,15405
Illidan,Assassin,Very Hard,2016-01-01,20518
Illidan,Assassin,Very Hard,2016-01-02,21375
Illidan,Assassin,Very Hard,2016-01-03,20694
Illidan,Assassin,Very Hard,2016-01-04,17875
Illidan,Assassin,Very Hard,2016-01-05,12637
Illidan,Assassin,Very Hard,2016-01-06,12568
Illidan,Assassin,Very Hard,2016-01-07,12318
Illidan,Assassin,Very Hard,2016-01-08,13529
Illidan,Assassin,Very Hard,2016-01-09,14520
Illidan,Assassin,Very Hard,2016-01-10,13672
Illidan,Assassin,Very Hard,2016-01-11,11547
Illidan,Assassin,Very Hard,2016-01-12,9902
Illidan,Assassin,Very Hard,2016-01-13,9539
Illidan,Assassin,Very Hard,2016-01-14,9279
Illidan,Assassin,Very Hard,2016-01-15,9326
Illidan,Assassin,Very Hard,2016-01-16,9706
Illidan,Assassin,Very Hard,2016-01-17,9093
Illidan,Assassin,Very Hard,2016-01-18,7750
Illidan,Assassin,Very Hard,2016-01-19,6266
Illidan,Assassin,Very Hard,2016-01-20,5862
Illidan,Assassin,Very Hard,2016-01-21,6976
Illidan,Assassin,Very Hard,2016-01-22,7255
Illidan,Assassin,Very Hard,2016-01-23,6962
Illidan,Assassin,Very Hard,2016-01-24,1660
Jaina,Assassin,Medium,2015-12-30,8485
Jaina,Assassin,Medium,2015-12-31,32442
Jaina,Assassin,Medium,2016-01-01,44176
Jaina,Assassin,Medium,2016-01-02,48035
Jaina,Assassin,Medium,2016-01-03,46573
Jaina,Assassin,Medium,2016-01-04,39425
Jaina,Assassin,Medium,2016-01-05,29427
Jaina,Assassin,Medium,2016-01-06,29972
Jaina,Assassin,Medium,2016-01-07,29356
Jaina,Assassin,Medium,2016-01-08,30946
Jaina,Assassin,Medium,2016-01-09,32859
Jaina,Assassin,Medium,2016-01-10,31938
Jaina,Assassin,Medium,2016-01-11,26887
Jaina,Assassin,Medium,2016-01-12,23713
Jaina,Assassin,Medium,2016-01-13,22519
Jaina,Assassin,Medium,2016-01-14,23208
Jaina,Assassin,Medium,2016-01-15,22285
Jaina,Assassin,Medium,2016-01-16,23856
Jaina,Assassin,Medium,2016-01-17,23482
Jaina,Assassin,Medium,2016-01-18,20134
Jaina,Assassin,Medium,2016-01-19,16483
Jaina,Assassin,Medium,2016-01-20,14647
Jaina,Assassin,Medium,2016-01-21,17401
Jaina,Assassin,Medium,2016-01-22,18221
Jaina,Assassin,Medium,2016-01-23,18342
Jaina,Assassin,Medium,2016-01-24,4112
Johanna,Warrior,Medium,2015-12-30,6056
Johanna,Warrior,Medium,2015-12-31,23354
Johanna,Warrior,Medium,2016-01-01,31214
Johanna,Warrior,Medium,2016-01-02,32241
Johanna,Warrior,Medium,2016-01-03,30568
Johanna,Warrior,Medium,2016-01-04,25759
Johanna,Warrior,Medium,2016-01-05,14094
Johanna,Warrior,Medium,2016-01-06,13881
Johanna,Warrior,Medium,2016-01-07,13344
Johanna,Warrior,Medium,2016-01-08,14162
Johanna,Warrior,Medium,2016-01-09,15034
Johanna,Warrior,Medium,2016-01-10,14369
Johanna,Warrior,Medium,2016-01-11,12031
Johanna,Warrior,Medium,2016-01-12,11279
Johanna,Warrior,Medium,2016-01-13,10913
Johanna,Warrior,Medium,2016-01-14,10954
Johanna,Warrior,Medium,2016-01-15,10759
Johanna,Warrior,Medium,2016-01-16,11090
Johanna,Warrior,Medium,2016-01-17,10993
Johanna,Warrior,Medium,2016-01-18,9330
Johanna,Warrior,Medium,2016-01-19,7968
Johanna,Warrior,Medium,2016-01-20,6888
Johanna,Warrior,Medium,2016-01-21,8416
Johanna,Warrior,Medium,2016-01-22,9001
Johanna,Warrior,Medium,2016-01-23,8335
Johanna,Warrior,Medium,2016-01-24,1881
Kael'thas,Assassin,Easy,2015-12-30,7872
Kael'thas,Assassin,Easy,2015-12-31,31261
Kael'thas,Assassin,Easy,2016-01-01,41038
Kael'thas,Assassin,Easy,2016-01-02,46078
Kael'thas,Assassin,Easy,2016-01-03,45543
Kael'thas,Assassin,Easy,2016-01-04,39198
Kael'thas,Assassin,Easy,2016-01-05,36763
Kael'thas,Assassin,Easy,2016-01-06,37448
Kael'thas,Assassin,Easy,2016-01-07,37023
Kael'thas,Assassin,Easy,2016-01-08,38704
Kael'thas,Assassin,Easy,2016-01-09,42097
Kael'thas,Assassin,Easy,2016-01-10,40183
Kael'thas,Assassin,Easy,2016-01-11,35743
Kael'thas,Assassin,Easy,2016-01-12,47250
Kael'thas,Assassin,Easy,2016-01-13,43140
Kael'thas,Assassin,Easy,2016-01-14,42278
Kael'thas,Assassin,Easy,2016-01-15,40033
Kael'thas,Assassin,Easy,2016-01-16,41940
Kael'thas,Assassin,Easy,2016-01-17,40217
Kael'thas,Assassin,Easy,2016-01-18,34703
Kael'thas,Assassin,Easy,2016-01-19,23115
Kael'thas,Assassin,Easy,2016-01-20,20268
Kael'thas,Assassin,Easy,2016-01-21,24420
Kael'thas,Assassin,Easy,2016-01-22,25074
Kael'thas,Assassin,Easy,2016-01-23,24681
Kael'thas,Assassin,Easy,2016-01-24,5578
Kerrigan,Assassin,Medium,2015-12-30,2314
Kerrigan,Assassin,Medium,2015-12-31,8867
Kerrigan,Assassin,Medium,2016-01-01,11884
Kerrigan,Assassin,Medium,2016-01-02,13249
Kerrigan,Assassin,Medium,2016-01-03,12561
Kerrigan,Assassin,Medium,2016-01-04,10682
Kerrigan,Assassin,Medium,2016-01-05,9957
Kerrigan,Assassin,Medium,2016-01-06,10082
Kerrigan,Assassin,Medium,2016-01-07,10006
Kerrigan,Assassin,Medium,2016-01-08,10266
Kerrigan,Assassin,Medium,2016-01-09,11263
Kerrigan,Assassin,Medium,2016-01-10,10729
Kerrigan,Assassin,Medium,2016-01-11,9017
Kerrigan,Assassin,Medium,2016-01-12,8057
Kerrigan,Assassin,Medium,2016-01-13,7653
Kerrigan,Assassin,Medium,2016-01-14,7768
Kerrigan,Assassin,Medium,2016-01-15,7368
Kerrigan,Assassin,Medium,2016-01-16,7921
Kerrigan,Assassin,Medium,2016-01-17,7494
Kerrigan,Assassin,Medium,2016-01-18,6619
Kerrigan,Assassin,Medium,2016-01-19,5430
Kerrigan,Assassin,Medium,2016-01-20,4889
Kerrigan,Assassin,Medium,2016-01-21,6018
Kerrigan,Assassin,Medium,2016-01-22,6140
Kerrigan,Assassin,Medium,2016-01-23,5909
Kerrigan,Assassin,Medium,2016-01-24,1347
Kharazim,Support,Medium,2015-12-30,3432
Kharazim,Support,Medium,2015-12-31,13574
Kharazim,Support,Medium,2016-01-01,18392
Kharazim,Support,Medium,2016-01-02,19848
Kharazim,Support,Medium,2016-01-03,19784
Kharazim,Support,Medium,2016-01-04,16828
Kharazim,Support,Medium,2016-01-05,15881
Kharazim,Support,Medium,2016-01-06,15984
Kharazim,Support,Medium,2016-01-07,15886
Kharazim,Support,Medium,2016-01-08,16142
Kharazim,Support,Medium,2016-01-09,17011
Kharazim,Support,Medium,2016-01-10,16512
Kharazim,Support,Medium,2016-01-11,14338
Kharazim,Support,Medium,2016-01-12,14146
Kharazim,Support,Medium,2016-01-13,13971
Kharazim,Support,Medium,2016-01-14,13581
Kharazim,Support,Medium,2016-01-15,12881
Kharazim,Support,Medium,2016-01-16,13033
Kharazim,Support,Medium,2016-01-17,12638
Kharazim,Support,Medium,2016-01-18,11618
Kharazim,Support,Medium,2016-01-19,21117
Kharazim,Support,Medium,2016-01-20,17897
Kharazim,Support,Medium,2016-01-21,21153
Kharazim,Support,Medium,2016-01-22,20482
Kharazim,Support,Medium,2016-01-23,19866
Kharazim,Support,Medium,2016-01-24,4331
Leoric,Warrior,Hard,2015-12-30,2306
Leoric,Warrior,Hard,2015-12-31,8977
Leoric,Warrior,Hard,2016-01-01,12341
Leoric,Warrior,Hard,2016-01-02,13204
Leoric,Warrior,Hard,2016-01-03,13087
Leoric,Warrior,Hard,2016-01-04,12149
Leoric,Warrior,Hard,2016-01-05,27654
Leoric,Warrior,Hard,2016-01-06,25688
Leoric,Warrior,Hard,2016-01-07,23925
Leoric,Warrior,Hard,2016-01-08,23705
Leoric,Warrior,Hard,2016-01-09,24399
Leoric,Warrior,Hard,2016-01-10,22880
Leoric,Warrior,Hard,2016-01-11,18795
Leoric,Warrior,Hard,2016-01-12,8607
Leoric,Warrior,Hard,2016-01-13,8434
Leoric,Warrior,Hard,2016-01-14,8274
Leoric,Warrior,Hard,2016-01-15,7928
Leoric,Warrior,Hard,2016-01-16,8194
Leoric,Warrior,Hard,2016-01-17,8015
Leoric,Warrior,Hard,2016-01-18,7048
Leoric,Warrior,Hard,2016-01-19,5780
Leoric,Warrior,Hard,2016-01-20,5160
Leoric,Warrior,Hard,2016-01-21,6535
Leoric,Warrior,Hard,2016-01-22,6484
Leoric,Warrior,Hard,2016-01-23,6521
Leoric,Warrior,Hard,2016-01-24,1481
Li Li,Support,Easy,2015-12-30,4540
Li Li,Support,Easy,2015-12-31,17260
Li Li,Support,Easy,2016-01-01,24073
Li Li,Support,Easy,2016-01-02,25951
Li Li,Support,Easy,2016-01-03,24772
Li Li,Support,Easy,2016-01-04,21159
Li Li,Support,Easy,2016-01-05,16618
Li Li,Support,Easy,2016-01-06,16795
Li Li,Support,Easy,2016-01-07,16656
Li Li,Support,Easy,2016-01-08,17376
Li Li,Support,Easy,2016-01-09,18643
Li Li,Support,Easy,2016-01-10,18045
Li Li,Support,Easy,2016-01-11,14467
Li Li,Support,Easy,2016-01-12,14658
Li Li,Support,Easy,2016-01-13,14499
Li Li,Support,Easy,2016-01-14,14066
Li Li,Support,Easy,2016-01-15,13382
Li Li,Support,Easy,2016-01-16,13971
Li Li,Support,Easy,2016-01-17,13773
Li Li,Support,Easy,2016-01-18,11422
Li Li,Support,Easy,2016-01-19,10706
Li Li,Support,Easy,2016-01-20,9509
Li Li,Support,Easy,2016-01-21,11191
Li Li,Support,Easy,2016-01-22,11377
Li Li,Support,Easy,2016-01-23,11515
Li Li,Support,Easy,2016-01-24,2586
Lt. Morales,Support,Medium,2015-12-30,5064
Lt. Morales,Support,Medium,2015-12-31,18203
Lt. Morales,Support,Medium,2016-01-01,25328
Lt. Morales,Support,Medium,2016-01-02,27450
Lt. Morales,Support,Medium,2016-01-03,27109
Lt. Morales,Support,Medium,2016-01-04,23262
Lt. Morales,Support,Medium,2016-01-05,21467
Lt. Morales,Support,Medium,2016-01-06,21880
Lt. Morales,Support,Medium,2016-01-07,21534
Lt. Morales,Support,Medium,2016-01-08,23128
Lt. Morales,Support,Medium,2016-01-09,25183
Lt. Morales,Support,Medium,2016-01-10,24285
Lt. Morales,Support,Medium,2016-01-11,20166
Lt. Morales,Support,Medium,2016-01-12,21526
Lt. Morales,Support,Medium,2016-01-13,21359
Lt. Morales,Support,Medium,2016-01-14,20502
Lt. Morales,Support,Medium,2016-01-15,19216
Lt. Morales,Support,Medium,2016-01-16,20215
Lt. Morales,Support,Medium,2016-01-17,19373
Lt. Morales,Support,Medium,2016-01-18,16309
Lt. Morales,Support,Medium,2016-01-19,13530
Lt. Morales,Support,Medium,2016-01-20,12003
Lt. Morales,Support,Medium,2016-01-21,14423
Lt. Morales,Support,Medium,2016-01-22,15472
Lt. Morales,Support,Medium,2016-01-23,15442
Lt. Morales,Support,Medium,2016-01-24,3351
Lunara,Assassin,Medium,2015-12-30,5013
Lunara,Assassin,Medium,2015-12-31,20391
Lunara,Assassin,Medium,2016-01-01,26723
Lunara,Assassin,Medium,2016-01-02,26979
Lunara,Assassin,Medium,2016-01-03,25574
Lunara,Assassin,Medium,2016-01-04,21254
Lunara,Assassin,Medium,2016-01-05,18670
Lunara,Assassin,Medium,2016-01-06,17920
Lunara,Assassin,Medium,2016-01-07,16587
Lunara,Assassin,Medium,2016-01-08,16527
Lunara,Assassin,Medium,2016-01-09,17194
Lunara,Assassin,Medium,2016-01-10,16505
Lunara,Assassin,Medium,2016-01-11,13327
Lunara,Assassin,Medium,2016-01-12,13476
Lunara,Assassin,Medium,2016-01-13,12134
Lunara,Assassin,Medium,2016-01-14,11143
Lunara,Assassin,Medium,2016-01-15,10306
Lunara,Assassin,Medium,2016-01-16,10513
Lunara,Assassin,Medium,2016-01-17,10118
Lunara,Assassin,Medium,2016-01-18,9910
Lunara,Assassin,Medium,2016-01-19,36070
Lunara,Assassin,Medium,2016-01-20,32692
Lunara,Assassin,Medium,2016-01-21,42847
Lunara,Assassin,Medium,2016-01-22,35716
Lunara,Assassin,Medium,2016-01-23,32286
Lunara,Assassin,Medium,2016-01-24,6961
Malfurion,Support,Easy,2015-12-30,2489
Malfurion,Support,Easy,2015-12-31,10243
Malfurion,Support,Easy,2016-01-01,13923
Malfurion,Support,Easy,2016-01-02,15440
Malfurion,Support,Easy,2016-01-03,14911
Malfurion,Support,Easy,2016-01-04,12765
Malfurion,Support,Easy,2016-01-05,11552
Malfurion,Support,Easy,2016-01-06,11575
Malfurion,Support,Easy,2016-01-07,11754
Malfurion,Support,Easy,2016-01-08,12163
Malfurion,Support,Easy,2016-01-09,13059
Malfurion,Support,Easy,2016-01-10,12493
Malfurion,Support,Easy,2016-01-11,10818
Malfurion,Support,Easy,2016-01-12,14287
Malfurion,Support,Easy,2016-01-13,13733
Malfurion,Support,Easy,2016-01-14,13337
Malfurion,Support,Easy,2016-01-15,12700
Malfurion,Support,Easy,2016-01-16,13742
Malfurion,Support,Easy,2016-01-17,12960
Malfurion,Support,Easy,2016-01-18,11077
Malfurion,Support,Easy,2016-01-19,6698
Malfurion,Support,Easy,2016-01-20,8106
Malfurion,Support,Easy,2016-01-21,13126
Malfurion,Support,Easy,2016-01-22,11448
Malfurion,Support,Easy,2016-01-23,10564
Malfurion,Support,Easy,2016-01-24,2164
Muradin,Warrior,Medium,2015-12-30,5257
Muradin,Warrior,Medium,2015-12-31,21012
Muradin,Warrior,Medium,2016-01-01,28530
Muradin,Warrior,Medium,2016-01-02,31539
Muradin,Warrior,Medium,2016-01-03,31742
Muradin,Warrior,Medium,2016-01-04,27913
Muradin,Warrior,Medium,2016-01-05,28864
Muradin,Warrior,Medium,2016-01-06,29825
Muradin,Warrior,Medium,2016-01-07,29377
Muradin,Warrior,Medium,2016-01-08,31157
Muradin,Warrior,Medium,2016-01-09,33366
Muradin,Warrior,Medium,2016-01-10,31863
Muradin,Warrior,Medium,2016-01-11,27498
Muradin,Warrior,Medium,2016-01-12,22782
Muradin,Warrior,Medium,2016-01-13,22587
Muradin,Warrior,Medium,2016-01-14,23052
Muradin,Warrior,Medium,2016-01-15,21943
Muradin,Warrior,Medium,2016-01-16,23375
Muradin,Warrior,Medium,2016-01-17,22375
Muradin,Warrior,Medium,2016-01-18,20068
Muradin,Warrior,Medium,2016-01-19,17182
Muradin,Warrior,Medium,2016-01-20,14733
Muradin,Warrior,Medium,2016-01-21,17241
Muradin,Warrior,Medium,2016-01-22,17770
Muradin,Warrior,Medium,2016-01-23,17294
Muradin,Warrior,Medium,2016-01-24,4020
Murky,Specialist,Medium,2015-12-30,3485
Murky,Specialist,Medium,2015-12-31,13417
Murky,Specialist,Medium,2016-01-01,17222
Murky,Specialist,Medium,2016-01-02,18243
Murky,Specialist,Medium,2016-01-03,17270
Murky,Specialist,Medium,2016-01-04,15456
Murky,Specialist,Medium,2016-01-05,14421
Murky,Specialist,Medium,2016-01-06,14768
Murky,Specialist,Medium,2016-01-07,14482
Murky,Specialist,Medium,2016-01-08,15438
Murky,Specialist,Medium,2016-01-09,16245
Murky,Specialist,Medium,2016-01-10,15461
Murky,Specialist,Medium,2016-01-11,13130
Murky,Specialist,Medium,2016-01-12,12351
Murky,Specialist,Medium,2016-01-13,12024
Murky,Specialist,Medium,2016-01-14,11794
Murky,Specialist,Medium,2016-01-15,11689
Murky,Specialist,Medium,2016-01-16,12104
Murky,Specialist,Medium,2016-01-17,11647
Murky,Specialist,Medium,2016-01-18,9900
Murky,Specialist,Medium,2016-01-19,7791
Murky,Specialist,Medium,2016-01-20,7144
Murky,Specialist,Medium,2016-01-21,8420
Murky,Specialist,Medium,2016-01-22,8484
Murky,Specialist,Medium,2016-01-23,8437
Murky,Specialist,Medium,2016-01-24,1893
Nazeebo,Specialist,Medium,2015-12-30,6613
Nazeebo,Specialist,Medium,2015-12-31,26257
Nazeebo,Specialist,Medium,2016-01-01,35806
Nazeebo,Specialist,Medium,2016-01-02,36938
Nazeebo,Specialist,Medium,2016-01-03,36405
Nazeebo,Specialist,Medium,2016-01-04,30065
Nazeebo,Specialist,Medium,2016-01-05,15137
Nazeebo,Specialist,Medium,2016-01-06,15064
Nazeebo,Specialist,Medium,2016-01-07,14955
Nazeebo,Specialist,Medium,2016-01-08,15840
Nazeebo,Specialist,Medium,2016-01-09,16556
Nazeebo,Specialist,Medium,2016-01-10,16386
Nazeebo,Specialist,Medium,2016-01-11,14059
Nazeebo,Specialist,Medium,2016-01-12,13309
Nazeebo,Specialist,Medium,2016-01-13,12654
Nazeebo,Specialist,Medium,2016-01-14,12806
Nazeebo,Specialist,Medium,2016-01-15,11821
Nazeebo,Specialist,Medium,2016-01-16,12496
Nazeebo,Specialist,Medium,2016-01-17,12301
Nazeebo,Specialist,Medium,2016-01-18,11093
Nazeebo,Specialist,Medium,2016-01-19,17755
Nazeebo,Specialist,Medium,2016-01-20,15796
Nazeebo,Specialist,Medium,2016-01-21,18034
Nazeebo,Specialist,Medium,2016-01-22,18013
Nazeebo,Specialist,Medium,2016-01-23,17184
Nazeebo,Specialist,Medium,2016-01-24,3797
Nova,Assassin,Medium,2015-12-30,8499
Nova,Assassin,Medium,2015-12-31,34736
Nova,Assassin,Medium,2016-01-01,45246
Nova,Assassin,Medium,2016-01-02,48467
Nova,Assassin,Medium,2016-01-03,48769
Nova,Assassin,Medium,2016-01-04,43682
Nova,Assassin,Medium,2016-01-05,61768
Nova,Assassin,Medium,2016-01-06,60972
Nova,Assassin,Medium,2016-01-07,58882
Nova,Assassin,Medium,2016-01-08,60599
Nova,Assassin,Medium,2016-01-09,63020
Nova,Assassin,Medium,2016-01-10,59510
Nova,Assassin,Medium,2016-01-11,49461
Nova,Assassin,Medium,2016-01-12,34244
Nova,Assassin,Medium,2016-01-13,32299
Nova,Assassin,Medium,2016-01-14,31684
Nova,Assassin,Medium,2016-01-15,30332
Nova,Assassin,Medium,2016-01-16,32030
Nova,Assassin,Medium,2016-01-17,31371
Nova,Assassin,Medium,2016-01-18,26490
Nova,Assassin,Medium,2016-01-19,22716
Nova,Assassin,Medium,2016-01-20,19821
Nova,Assassin,Medium,2016-01-21,24265
Nova,Assassin,Medium,2016-01-22,23888
Nova,Assassin,Medium,2016-01-23,23293
Nova,Assassin,Medium,2016-01-24,5149
Raynor,Assassin,Easy,2015-12-30,9972
Raynor,Assassin,Easy,2015-12-31,38452
Raynor,Assassin,Easy,2016-01-01,51989
Raynor,Assassin,Easy,2016-01-02,56774
Raynor,Assassin,Easy,2016-01-03,56089
Raynor,Assassin,Easy,2016-01-04,48693
Raynor,Assassin,Easy,2016-01-05,48451
Raynor,Assassin,Easy,2016-01-06,49388
Raynor,Assassin,Easy,2016-01-07,48861
Raynor,Assassin,Easy,2016-01-08,50634
Raynor,Assassin,Easy,2016-01-09,55127
Raynor,Assassin,Easy,2016-01-10,52848
Raynor,Assassin,Easy,2016-01-11,44501
Raynor,Assassin,Easy,2016-01-12,37171
Raynor,Assassin,Easy,2016-01-13,35534
Raynor,Assassin,Easy,2016-01-14,35913
Raynor,Assassin,Easy,2016-01-15,35629
Raynor,Assassin,Easy,2016-01-16,37653
Raynor,Assassin,Easy,2016-01-17,36344
Raynor,Assassin,Easy,2016-01-18,31801
Raynor,Assassin,Easy,2016-01-19,27188
Raynor,Assassin,Easy,2016-01-20,22071
Raynor,Assassin,Easy,2016-01-21,23960
Raynor,Assassin,Easy,2016-01-22,24430
Raynor,Assassin,Easy,2016-01-23,24632
Raynor,Assassin,Easy,2016-01-24,5431
Rehgar,Support,Medium,2015-12-30,1713
Rehgar,Support,Medium,2015-12-31,6652
Rehgar,Support,Medium,2016-01-01,9250
Rehgar,Support,Medium,2016-01-02,9829
Rehgar,Support,Medium,2016-01-03,9705
Rehgar,Support,Medium,2016-01-04,9217
Rehgar,Support,Medium,2016-01-05,20260
Rehgar,Support,Medium,2016-01-06,19014
Rehgar,Support,Medium,2016-01-07,17823
Rehgar,Support,Medium,2016-01-08,17843
Rehgar,Support,Medium,2016-01-09,18300
Rehgar,Support,Medium,2016-01-10,17156
Rehgar,Support,Medium,2016-01-11,14078
Rehgar,Support,Medium,2016-01-12,7531
Rehgar,Support,Medium,2016-01-13,6974
Rehgar,Support,Medium,2016-01-14,6912
Rehgar,Support,Medium,2016-01-15,6572
Rehgar,Support,Medium,2016-01-16,6571
Rehgar,Support,Medium,2016-01-17,6333
Rehgar,Support,Medium,2016-01-18,5456
Rehgar,Support,Medium,2016-01-19,4378
Rehgar,Support,Medium,2016-01-20,3852
Rehgar,Support,Medium,2016-01-21,4631
Rehgar,Support,Medium,2016-01-22,4879
Rehgar,Support,Medium,2016-01-23,4737
Rehgar,Support,Medium,2016-01-24,1054
Rexxar,Warrior,Hard,2015-12-30,1006
Rexxar,Warrior,Hard,2015-12-31,4268
Rexxar,Warrior,Hard,2016-01-01,5571
Rexxar,Warrior,Hard,2016-01-02,5717
Rexxar,Warrior,Hard,2016-01-03,5684
Rexxar,Warrior,Hard,2016-01-04,4642
Rexxar,Warrior,Hard,2016-01-05,4471
Rexxar,Warrior,Hard,2016-01-06,4362
Rexxar,Warrior,Hard,2016-01-07,4412
Rexxar,Warrior,Hard,2016-01-08,4501
Rexxar,Warrior,Hard,2016-01-09,4983
Rexxar,Warrior,Hard,2016-01-10,4960
Rexxar,Warrior,Hard,2016-01-11,3916
Rexxar,Warrior,Hard,2016-01-12,3678
Rexxar,Warrior,Hard,2016-01-13,3492
Rexxar,Warrior,Hard,2016-01-14,3545
Rexxar,Warrior,Hard,2016-01-15,3514
Rexxar,Warrior,Hard,2016-01-16,3781
Rexxar,Warrior,Hard,2016-01-17,3735
Rexxar,Warrior,Hard,2016-01-18,3790
Rexxar,Warrior,Hard,2016-01-19,12918
Rexxar,Warrior,Hard,2016-01-20,9962
Rexxar,Warrior,Hard,2016-01-21,10842
Rexxar,Warrior,Hard,2016-01-22,10360
Rexxar,Warrior,Hard,2016-01-23,9676
Rexxar,Warrior,Hard,2016-01-24,2158
Sgt. Hammer,Specialist,Hard,2015-12-30,3356
Sgt. Hammer,Specialist,Hard,2015-12-31,12414
Sgt. Hammer,Specialist,Hard,2016-01-01,16127
Sgt. Hammer,Specialist,Hard,2016-01-02,16964
Sgt. Hammer,Specialist,Hard,2016-01-03,17076
Sgt. Hammer,Specialist,Hard,2016-01-04,14526
Sgt. Hammer,Specialist,Hard,2016-01-05,13152
Sgt. Hammer,Specialist,Hard,2016-01-06,13409
Sgt. Hammer,Specialist,Hard,2016-01-07,13267
Sgt. Hammer,Specialist,Hard,2016-01-08,14310
Sgt. Hammer,Specialist,Hard,2016-01-09,15202
Sgt. Hammer,Specialist,Hard,2016-01-10,14642
Sgt. Hammer,Specialist,Hard,2016-01-11,12925
Sgt. Hammer,Specialist,Hard,2016-01-12,24987
Sgt. Hammer,Specialist,Hard,2016-01-13,22867
Sgt. Hammer,Specialist,Hard,2016-01-14,21806
Sgt. Hammer,Specialist,Hard,2016-01-15,20660
Sgt. Hammer,Specialist,Hard,2016-01-16,21302
Sgt. Hammer,Specialist,Hard,2016-01-17,20582
Sgt. Hammer,Specialist,Hard,2016-01-18,16401
Sgt. Hammer,Specialist,Hard,2016-01-19,8042
Sgt. Hammer,Specialist,Hard,2016-01-20,7086
Sgt. Hammer,Specialist,Hard,2016-01-21,8402
Sgt. Hammer,Specialist,Hard,2016-01-22,8641
Sgt. Hammer,Specialist,Hard,2016-01-23,8693
Sgt. Hammer,Specialist,Hard,2016-01-24,1886
Sonya,Warrior,Medium,2015-12-30,4484
Sonya,Warrior,Medium,2015-12-31,17197
Sonya,Warrior,Medium,2016-01-01,23067
Sonya,Warrior,Medium,2016-01-02,25024
Sonya,Warrior,Medium,2016-01-03,24209
Sonya,Warrior,Medium,2016-01-04,21076
Sonya,Warrior,Medium,2016-01-05,19518
Sonya,Warrior,Medium,2016-01-06,20154
Sonya,Warrior,Medium,2016-01-07,19801
Sonya,Warrior,Medium,2016-01-08,20508
Sonya,Warrior,Medium,2016-01-09,21783
Sonya,Warrior,Medium,2016-01-10,21234
Sonya,Warrior,Medium,2016-01-11,18387
Sonya,Warrior,Medium,2016-01-12,16002
Sonya,Warrior,Medium,2016-01-13,15330
Sonya,Warrior,Medium,2016-01-14,15511
Sonya,Warrior,Medium,2016-01-15,14869
Sonya,Warrior,Medium,2016-01-16,15354
Sonya,Warrior,Medium,2016-01-17,14567
Sonya,Warrior,Medium,2016-01-18,12732
Sonya,Warrior,Medium,2016-01-19,10592
Sonya,Warrior,Medium,2016-01-20,9958
Sonya,Warrior,Medium,2016-01-21,11604
Sonya,Warrior,Medium,2016-01-22,12179
Sonya,Warrior,Medium,2016-01-23,12106
Sonya,Warrior,Medium,2016-01-24,2699
Stitches,Warrior,Medium,2015-12-30,2149
Stitches,Warrior,Medium,2015-12-31,8229
Stitches,Warrior,Medium,2016-01-01,11241
Stitches,Warrior,Medium,2016-01-02,11788
Stitches,Warrior,Medium,2016-01-03,11683
Stitches,Warrior,Medium,2016-01-04,9942
Stitches,Warrior,Medium,2016-01-05,9258
Stitches,Warrior,Medium,2016-01-06,9272
Stitches,Warrior,Medium,2016-01-07,9483
Stitches,Warrior,Medium,2016-01-08,10021
Stitches,Warrior,Medium,2016-01-09,10731
Stitches,Warrior,Medium,2016-01-10,10036
Stitches,Warrior,Medium,2016-01-11,8365
Stitches,Warrior,Medium,2016-01-12,7937
Stitches,Warrior,Medium,2016-01-13,7734
Stitches,Warrior,Medium,2016-01-14,7625
Stitches,Warrior,Medium,2016-01-15,7324
Stitches,Warrior,Medium,2016-01-16,7520
Stitches,Warrior,Medium,2016-01-17,7322
Stitches,Warrior,Medium,2016-01-18,6854
Stitches,Warrior,Medium,2016-01-19,13429
Stitches,Warrior,Medium,2016-01-20,15081
Stitches,Warrior,Medium,2016-01-21,20678
Stitches,Warrior,Medium,2016-01-22,18346
Stitches,Warrior,Medium,2016-01-23,17232
Stitches,Warrior,Medium,2016-01-24,3830
Sylvanas,Specialist,Easy,2015-12-30,5145
Sylvanas,Specialist,Easy,2015-12-31,19828
Sylvanas,Specialist,Easy,2016-01-01,26838
Sylvanas,Specialist,Easy,2016-01-02,29088
Sylvanas,Specialist,Easy,2016-01-03,28472
Sylvanas,Specialist,Easy,2016-01-04,25804
Sylvanas,Specialist,Easy,2016-01-05,37902
Sylvanas,Specialist,Easy,2016-01-06,37037
Sylvanas,Specialist,Easy,2016-01-07,34974
Sylvanas,Specialist,Easy,2016-01-08,34895
Sylvanas,Specialist,Easy,2016-01-09,37503
Sylvanas,Specialist,Easy,2016-01-10,35283
Sylvanas,Specialist,Easy,2016-01-11,29256
Sylvanas,Specialist,Easy,2016-01-12,19202
Sylvanas,Specialist,Easy,2016-01-13,18255
Sylvanas,Specialist,Easy,2016-01-14,18334
Sylvanas,Specialist,Easy,2016-01-15,17453
Sylvanas,Specialist,Easy,2016-01-16,18130
Sylvanas,Specialist,Easy,2016-01-17,17839
Sylvanas,Specialist,Easy,2016-01-18,14770
Sylvanas,Specialist,Easy,2016-01-19,11806
Sylvanas,Specialist,Easy,2016-01-20,10554
Sylvanas,Specialist,Easy,2016-01-21,13013
Sylvanas,Specialist,Easy,2016-01-22,13195
Sylvanas,Specialist,Easy,2016-01-23,13131
Sylvanas,Specialist,Easy,2016-01-24,2862
Tassadar,Support,Very Hard,2015-12-30,4068
Tassadar,Support,Very Hard,2015-12-31,16162
Tassadar,Support,Very Hard,2016-01-01,21857
Tassadar,Support,Very Hard,2016-01-02,22550
Tassadar,Support,Very Hard,2016-01-03,22289
Tassadar,Support,Very Hard,2016-01-04,18945
Tassadar,Support,Very Hard,2016-01-05,12869
Tassadar,Support,Very Hard,2016-01-06,12894
Tassadar,Support,Very Hard,2016-01-07,12610
Tassadar,Support,Very Hard,2016-01-08,13193
Tassadar,Support,Very Hard,2016-01-09,13579
Tassadar,Support,Very Hard,2016-01-10,13403
Tassadar,Support,Very Hard,2016-01-11,11616
Tassadar,Support,Very Hard,2016-01-12,11322
Tassadar,Support,Very Hard,2016-01-13,11391
Tassadar,Support,Very Hard,2016-01-14,11050
Tassadar,Support,Very Hard,2016-01-15,10636
Tassadar,Support,Very Hard,2016-01-16,10750
Tassadar,Support,Very Hard,2016-01-17,10157
Tassadar,Support,Very Hard,2016-01-18,9055
Tassadar,Support,Very Hard,2016-01-19,10856
Tassadar,Support,Very Hard,2016-01-20,9774
Tassadar,Support,Very Hard,2016-01-21,11649
Tassadar,Support,Very Hard,2016-01-22,11689
Tassadar,Support,Very Hard,2016-01-23,11335
Tassadar,Support,Very Hard,2016-01-24,2608
The Butcher,Assassin,Medium,2015-12-30,2775
The Butcher,Assassin,Medium,2015-12-31,10422
The Butcher,Assassin,Medium,2016-01-01,14304
The Butcher,Assassin,Medium,2016-01-02,15346
The Butcher,Assassin,Medium,2016-01-03,15079
The Butcher,Assassin,Medium,2016-01-04,12968
The Butcher,Assassin,Medium,2016-01-05,11829
The Butcher,Assassin,Medium,2016-01-06,11836
The Butcher,Assassin,Medium,2016-01-07,11608
The Butcher,Assassin,Medium,2016-01-08,12210
The Butcher,Assassin,Medium,2016-01-09,13182
The Butcher,Assassin,Medium,2016-01-10,12598
The Butcher,Assassin,Medium,2016-01-11,11379
The Butcher,Assassin,Medium,2016-01-12,27792
The Butcher,Assassin,Medium,2016-01-13,24185
The Butcher,Assassin,Medium,2016-01-14,21783
The Butcher,Assassin,Medium,2016-01-15,20616
The Butcher,Assassin,Medium,2016-01-16,20985
The Butcher,Assassin,Medium,2016-01-17,19844
The Butcher,Assassin,Medium,2016-01-18,15993
The Butcher,Assassin,Medium,2016-01-19,6165
The Butcher,Assassin,Medium,2016-01-20,5177
The Butcher,Assassin,Medium,2016-01-21,6319
The Butcher,Assassin,Medium,2016-01-22,6526
The Butcher,Assassin,Medium,2016-01-23,6709
The Butcher,Assassin,Medium,2016-01-24,1295
The Lost Vikings,Specialist,Very Hard,2015-12-30,788
The Lost Vikings,Specialist,Very Hard,2015-12-31,3229
The Lost Vikings,Specialist,Very Hard,2016-01-01,4082
The Lost Vikings,Specialist,Very Hard,2016-01-02,4241
The Lost Vikings,Specialist,Very Hard,2016-01-03,4014
The Lost Vikings,Specialist,Very Hard,2016-01-04,3617
The Lost Vikings,Specialist,Very Hard,2016-01-05,3350
The Lost Vikings,Specialist,Very Hard,2016-01-06,3514
The Lost Vikings,Specialist,Very Hard,2016-01-07,3565
The Lost Vikings,Specialist,Very Hard,2016-01-08,3741
The Lost Vikings,Specialist,Very Hard,2016-01-09,3784
The Lost Vikings,Specialist,Very Hard,2016-01-10,3723
The Lost Vikings,Specialist,Very Hard,2016-01-11,3328
The Lost Vikings,Specialist,Very Hard,2016-01-12,3088
The Lost Vikings,Specialist,Very Hard,2016-01-13,2897
The Lost Vikings,Specialist,Very Hard,2016-01-14,2983
The Lost Vikings,Specialist,Very Hard,2016-01-15,3087
The Lost Vikings,Specialist,Very Hard,2016-01-16,3218
The Lost Vikings,Specialist,Very Hard,2016-01-17,3097
The Lost Vikings,Specialist,Very Hard,2016-01-18,2881
The Lost Vikings,Specialist,Very Hard,2016-01-19,2374
The Lost Vikings,Specialist,Very Hard,2016-01-20,2206
The Lost Vikings,Specialist,Very Hard,2016-01-21,2542
The Lost Vikings,Specialist,Very Hard,2016-01-22,2599
The Lost Vikings,Specialist,Very Hard,2016-01-23,2531
The Lost Vikings,Specialist,Very Hard,2016-01-24,539
Thrall,Assassin,Medium,2015-12-30,4312
Thrall,Assassin,Medium,2015-12-31,16773
Thrall,Assassin,Medium,2016-01-01,22950
Thrall,Assassin,Medium,2016-01-02,25423
Thrall,Assassin,Medium,2016-01-03,25086
Thrall,Assassin,Medium,2016-01-04,23213
Thrall,Assassin,Medium,2016-01-05,40963
Thrall,Assassin,Medium,2016-01-06,39736
Thrall,Assassin,Medium,2016-01-07,37481
Thrall,Assassin,Medium,2016-01-08,38078
Thrall,Assassin,Medium,2016-01-09,40323
Thrall,Assassin,Medium,2016-01-10,38119
Thrall,Assassin,Medium,2016-01-11,31525
Thrall,Assassin,Medium,2016-01-12,17346
Thrall,Assassin,Medium,2016-01-13,16114
Thrall,Assassin,Medium,2016-01-14,16195
Thrall,Assassin,Medium,2016-01-15,15662
Thrall,Assassin,Medium,2016-01-16,16536
Thrall,Assassin,Medium,2016-01-17,16322
Thrall,Assassin,Medium,2016-01-18,14132
Thrall,Assassin,Medium,2016-01-19,12152
Thrall,Assassin,Medium,2016-01-20,10748
Thrall,Assassin,Medium,2016-01-21,13334
Thrall,Assassin,Medium,2016-01-22,13148
Thrall,Assassin,Medium,2016-01-23,13078
Thrall,Assassin,Medium,2016-01-24,3085
Tychus,Assassin,Hard,2015-12-30,2750
Tychus,Assassin,Hard,2015-12-31,10480
Tychus,Assassin,Hard,2016-01-01,14183
Tychus,Assassin,Hard,2016-01-02,14978
Tychus,Assassin,Hard,2016-01-03,14700
Tychus,Assassin,Hard,2016-01-04,12651
Tychus,Assassin,Hard,2016-01-05,11145
Tychus,Assassin,Hard,2016-01-06,11407
Tychus,Assassin,Hard,2016-01-07,11322
Tychus,Assassin,Hard,2016-01-08,11884
Tychus,Assassin,Hard,2016-01-09,12820
Tychus,Assassin,Hard,2016-01-10,12538
Tychus,Assassin,Hard,2016-01-11,10803
Tychus,Assassin,Hard,2016-01-12,16569
Tychus,Assassin,Hard,2016-01-13,14893
Tychus,Assassin,Hard,2016-01-14,14010
Tychus,Assassin,Hard,2016-01-15,13661
Tychus,Assassin,Hard,2016-01-16,14365
Tychus,Assassin,Hard,2016-01-17,13554
Tychus,Assassin,Hard,2016-01-18,10997
Tychus,Assassin,Hard,2016-01-19,6170
Tychus,Assassin,Hard,2016-01-20,5490
Tychus,Assassin,Hard,2016-01-21,6627
Tychus,Assassin,Hard,2016-01-22,6722
Tychus,Assassin,Hard,2016-01-23,6576
Tychus,Assassin,Hard,2016-01-24,1482
Tyrael,Warrior,Medium,2015-12-30,2034
Tyrael,Warrior,Medium,2015-12-31,7906
Tyrael,Warrior,Medium,2016-01-01,10523
Tyrael,Warrior,Medium,2016-01-02,11342
Tyrael,Warrior,Medium,2016-01-03,11170
Tyrael,Warrior,Medium,2016-01-04,9414
Tyrael,Warrior,Medium,2016-01-05,8763
Tyrael,Warrior,Medium,2016-01-06,9310
Tyrael,Warrior,Medium,2016-01-07,9357
Tyrael,Warrior,Medium,2016-01-08,10012
Tyrael,Warrior,Medium,2016-01-09,10735
Tyrael,Warrior,Medium,2016-01-10,10201
Tyrael,Warrior,Medium,2016-01-11,8657
Tyrael,Warrior,Medium,2016-01-12,7630
Tyrael,Warrior,Medium,2016-01-13,7309
Tyrael,Warrior,Medium,2016-01-14,7443
Tyrael,Warrior,Medium,2016-01-15,7152
Tyrael,Warrior,Medium,2016-01-16,7495
Tyrael,Warrior,Medium,2016-01-17,7001
Tyrael,Warrior,Medium,2016-01-18,6035
Tyrael,Warrior,Medium,2016-01-19,5092
Tyrael,Warrior,Medium,2016-01-20,4493
Tyrael,Warrior,Medium,2016-01-21,5249
Tyrael,Warrior,Medium,2016-01-22,5442
Tyrael,Warrior,Medium,2016-01-23,5375
Tyrael,Warrior,Medium,2016-01-24,1217
Tyrande,Support,Medium,2015-12-30,6309
Tyrande,Support,Medium,2015-12-31,24824
Tyrande,Support,Medium,2016-01-01,33808
Tyrande,Support,Medium,2016-01-02,37153
Tyrande,Support,Medium,2016-01-03,36763
Tyrande,Support,Medium,2016-01-04,32476
Tyrande,Support,Medium,2016-01-05,43037
Tyrande,Support,Medium,2016-01-06,43246
Tyrande,Support,Medium,2016-01-07,41991
Tyrande,Support,Medium,2016-01-08,43222
Tyrande,Support,Medium,2016-01-09,47232
Tyrande,Support,Medium,2016-01-10,45265
Tyrande,Support,Medium,2016-01-11,38246
Tyrande,Support,Medium,2016-01-12,29616
Tyrande,Support,Medium,2016-01-13,28426
Tyrande,Support,Medium,2016-01-14,28377
Tyrande,Support,Medium,2016-01-15,27391
Tyrande,Support,Medium,2016-01-16,28536
Tyrande,Support,Medium,2016-01-17,27752
Tyrande,Support,Medium,2016-01-18,24922
Tyrande,Support,Medium,2016-01-19,20766
Tyrande,Support,Medium,2016-01-20,16135
Tyrande,Support,Medium,2016-01-21,14498
Tyrande,Support,Medium,2016-01-22,14425
Tyrande,Support,Medium,2016-01-23,14574
Tyrande,Support,Medium,2016-01-24,3442
Uther,Support,Easy,2015-12-30,4750
Uther,Support,Easy,2015-12-31,18613
Uther,Support,Easy,2016-01-01,25454
Uther,Support,Easy,2016-01-02,26646
Uther,Support,Easy,2016-01-03,25673
Uther,Support,Easy,2016-01-04,21727
Uther,Support,Easy,2016-01-05,13774
Uther,Support,Easy,2016-01-06,13613
Uther,Support,Easy,2016-01-07,13373
Uther,Support,Easy,2016-01-08,13915
Uther,Support,Easy,2016-01-09,14466
Uther,Support,Easy,2016-01-10,13913
Uther,Support,Easy,2016-01-11,11993
Uther,Support,Easy,2016-01-12,12168
Uther,Support,Easy,2016-01-13,11933
Uther,Support,Easy,2016-01-14,12095
Uther,Support,Easy,2016-01-15,11411
Uther,Support,Easy,2016-01-16,11676
Uther,Support,Easy,2016-01-17,11239
Uther,Support,Easy,2016-01-18,9831
Uther,Support,Easy,2016-01-19,8237
Uther,Support,Easy,2016-01-20,7128
Uther,Support,Easy,2016-01-21,9098
Uther,Support,Easy,2016-01-22,8964
Uther,Support,Easy,2016-01-23,8540
Uther,Support,Easy,2016-01-24,2013
Valla,Assassin,Easy,2015-12-30,6588
Valla,Assassin,Easy,2015-12-31,25464
Valla,Assassin,Easy,2016-01-01,34983
Valla,Assassin,Easy,2016-01-02,37910
Valla,Assassin,Easy,2016-01-03,37841
Valla,Assassin,Easy,2016-01-04,32049
Valla,Assassin,Easy,2016-01-05,29120
Valla,Assassin,Easy,2016-01-06,29690
Valla,Assassin,Easy,2016-01-07,29327
Valla,Assassin,Easy,2016-01-08,30673
Valla,Assassin,Easy,2016-01-09,33470
Valla,Assassin,Easy,2016-01-10,32570
Valla,Assassin,Easy,2016-01-11,27703
Valla,Assassin,Easy,2016-01-12,27669
Valla,Assassin,Easy,2016-01-13,26302
Valla,Assassin,Easy,2016-01-14,26269
Valla,Assassin,Easy,2016-01-15,25984
Valla,Assassin,Easy,2016-01-16,27169
Valla,Assassin,Easy,2016-01-17,26550
Valla,Assassin,Easy,2016-01-18,22429
Valla,Assassin,Easy,2016-01-19,17005
Valla,Assassin,Easy,2016-01-20,15197
Valla,Assassin,Easy,2016-01-21,17924
Valla,Assassin,Easy,2016-01-22,18297
Valla,Assassin,Easy,2016-01-23,18026
Valla,Assassin,Easy,2016-01-24,4078
Zagara,Specialist,Medium,2015-12-30,5582
Zagara,Specialist,Medium,2015-12-31,22316
Zagara,Specialist,Medium,2016-01-01,30294
Zagara,Specialist,Medium,2016-01-02,33339
Zagara,Specialist,Medium,2016-01-03,33049
Zagara,Specialist,Medium,2016-01-04,29075
Zagara,Specialist,Medium,2016-01-05,26981
Zagara,Specialist,Medium,2016-01-06,27282
Zagara,Specialist,Medium,2016-01-07,26749
Zagara,Specialist,Medium,2016-01-08,28453
Zagara,Specialist,Medium,2016-01-09,30665
Zagara,Specialist,Medium,2016-01-10,30555
Zagara,Specialist,Medium,2016-01-11,26189
Zagara,Specialist,Medium,2016-01-12,23523
Zagara,Specialist,Medium,2016-01-13,23557
Zagara,Specialist,Medium,2016-01-14,24051
Zagara,Specialist,Medium,2016-01-15,23281
Zagara,Specialist,Medium,2016-01-16,24278
Zagara,Specialist,Medium,2016-01-17,24096
Zagara,Specialist,Medium,2016-01-18,21221
Zagara,Specialist,Medium,2016-01-19,23320
Zagara,Specialist,Medium,2016-01-20,20845
Zagara,Specialist,Medium,2016-01-21,24454
Zagara,Specialist,Medium,2016-01-22,24336
Zagara,Specialist,Medium,2016-01-23,24391
Zagara,Specialist,Medium,2016-01-24,5497
Zeratul,Assassin,Hard,2015-12-30,3148
Zeratul,Assassin,Hard,2015-12-31,12890
Zeratul,Assassin,Hard,2016-01-01,16959
Zeratul,Assassin,Hard,2016-01-02,18590
Zeratul,Assassin,Hard,2016-01-03,18001
Zeratul,Assassin,Hard,2016-01-04,15208
Zeratul,Assassin,Hard,2016-01-05,14861
Zeratul,Assassin,Hard,2016-01-06,15405
Zeratul,Assassin,Hard,2016-01-07,14973
Zeratul,Assassin,Hard,2016-01-08,15401
Zeratul,Assassin,Hard,2016-01-09,16632
Zeratul,Assassin,Hard,2016-01-10,15873
Zeratul,Assassin,Hard,2016-01-11,13665
Zeratul,Assassin,Hard,2016-01-12,12203
Zeratul,Assassin,Hard,2016-01-13,11285
Zeratul,Assassin,Hard,2016-01-14,11022
Zeratul,Assassin,Hard,2016-01-15,10924
Zeratul,Assassin,Hard,2016-01-16,11612
Zeratul,Assassin,Hard,2016-01-17,11179
Zeratul,Assassin,Hard,2016-01-18,9570
Zeratul,Assassin,Hard,2016-01-19,7883
Zeratul,Assassin,Hard,2016-01-20,7082
Zeratul,Assassin,Hard,2016-01-21,8370
Zeratul,Assassin,Hard,2016-01-22,8727
Zeratul,Assassin,Hard,2016-01-23,8911
Zeratul,Assassin,Hard,2016-01-24,2077
